,SectionID,std_type,from_bus,to_bus,length_km,r_ohm_per_km,x_ohm_per_km,c_nf_per_km,max_i_ka,df,parallel,type,in_service,coords,FromNodeID,ToNodeID
0,43939209,,890.0,1529.0,0.007,1.4662,0.09,0.023149809904275686,0.11,1.0,1.0,cs,True,"[(554020.475, 146396.927), (554025.194, 146400.566)]",42787380,42687308
1,43825065,,1584.0,1529.0,0.011,0.4476,0.09,0.011258042236110585,0.15,1.0,1.0,cs,True,"[(554018.517, 146409.068), (554025.194, 146400.566)]",42660293,42687308
2,43824920,,1204.0,1529.0,0.011,0.4476,0.09,0.011258042236110585,0.15,1.0,1.0,cs,True,"[(554031.871, 146392.063), (554025.194, 146400.566)]",42700105,42687308
3,43825506,,1040.0,1746.0,0.018,0.4476,0.09,0.011258042236110585,0.15,1.0,1.0,cs,True,"[(554007.887, 146422.604), (554003.163, 146428.62099999998)]",42698357,42684664
4,43896292,,2509.0,1746.0,0.006,0.2238,0.082,0.0045043001950499624,0.255,1.0,1.0,cs,True,"[(553992.0, 146424.0), (554003.163, 146428.62099999998)]",52889610,42684664
5,43971553,,1530.0,1107.0,0.238,0.2633,0.078,0.013817932201067487,0.319,1.0,1.0,cs,True,"[(554016.16, 146347.766), (553866.93, 146402.24300000002)]",42703621,42694044
6,43971551,,2238.0,1107.0,0.013,0.2633,0.078,0.013817932201067487,0.319,1.0,1.0,cs,True,"[(553864.373767, 146409.474934), (553866.93, 146402.24300000002)]",52101382,42694044
7,94588448,,1885.0,1696.0,0.034,0.245,0.071,3.1830988618379066,0.281,1.0,1.0,cs,True,"[(554109.3811090001, 146311.74646199998), (554092.565, 146310.19)]",52857530,94588294
8,43895417,,2513.0,827.0,0.003,0.2238,0.082,0.0045043001950499624,0.255,1.0,1.0,cs,True,"[(553992.0, 146424.0), (554003.818, 146421.31)]",52889602,42697592
9,43886508,,656.0,827.0,0.053,0.2238,0.086,0.009008600390099925,0.22,1.0,1.0,cs,True,"[(554025.1070000001, 146394.201), (554003.818, 146421.31)]",42686073,42697592
10,43906026,,818.0,829.0,0.004,0.8409,0.094,0.012281421644563265,0.105,1.0,1.0,cs,True,"[(554051.114, 146388.604), (554053.1089999999, 146386.146)]",42785340,42692978
11,43993230,,2510.0,829.0,0.001,0.9266,0.086,0.02060124821589481,0.149,1.0,1.0,cs,True,"[(554039.0, 146339.0), (554053.1089999999, 146386.146)]",52107504,42692978
12,43939204,,1584.0,1016.0,0.011,4.71,0.12,0.02573240793725066,0.05,1.0,1.0,cs,True,"[(554018.517, 146409.068), (554013.978, 146405.522)]",42660293,42793224
13,43906704,,1584.0,1499.0,0.022,0.8409,0.094,0.012281421644563265,0.105,1.0,1.0,cs,True,"[(554018.517, 146409.068), (554034.855, 146414.137)]",42660293,42783479
14,43825075,,1584.0,1040.0,0.017,0.4476,0.09,0.011258042236110585,0.15,1.0,1.0,cs,True,"[(554018.517, 146409.068), (554007.887, 146422.604)]",42660293,42698357
15,43904203,,1646.0,1040.0,0.031,2.1181,0.094,0.00691136629719886,0.075,1.0,1.0,cs,True,"[(554031.122, 146433.006), (554007.887, 146422.604)]",42767154,42698357
16,43884803,,656.0,1314.0,0.03,0.2238,0.086,0.009008600390099925,0.22,1.0,1.0,cs,True,"[(554025.1070000001, 146394.201), (554038.182, 146377.55)]",42686073,42698393
17,43923895,,2511.0,1314.0,0.044,0.2384,0.078,0.004118756857055117,0.261,1.0,1.0,cs,True,"[(554039.0, 146339.0), (554038.182, 146377.55)]",52107544,42698393
18,52107522,,3021.0,2504.0,0.001,0.4158,0.3269,0.8981655930693868,0.305,1.0,1.0,cs,True,"[(554039.0, 146339.0), (554039.0, 146339.0)]",42890831,52107520
19,52101384,,3022.0,2238.0,0.001,0.4158,0.3269,0.8981655930693868,0.305,1.0,1.0,cs,True,"[(553860.0, 146413.0), (553864.373767, 146409.474934)]",42968469,52101382
20,43896248,,2508.0,935.0,0.007,0.2238,0.082,0.0045043001950499624,0.255,1.0,1.0,cs,True,"[(553992.0, 146424.0), (553987.699, 146441.836)]",52889626,42699677
21,43825618,,935.0,1088.0,0.015,0.4476,0.09,0.011258042236110585,0.15,1.0,1.0,cs,True,"[(553987.699, 146441.836), (553974.454, 146430.939)]",42699677,42691844
22,43921938,,3031.0,1146.0,0.048,0.2384,0.078,0.004118756857055117,0.261,1.0,1.0,cs,True,"[(554039.0, 146339.0), (554052.4839999999, 146362.647)]",93849835,42695383
23,94588357,,1696.0,1146.0,0.072,0.2384,0.078,0.004118756857055117,0.261,1.0,1.0,cs,True,"[(554092.565, 146310.19), (554052.4839999999, 146362.647)]",94588294,42695383
24,93849838,,3031.0,2507.0,0.001,0.4158,0.3269,0.8981655930693868,0.305,1.0,1.0,cs,True,"[(554039.0, 146339.0), (554039.0, 146339.0)]",93849835,93848381
25,52107554,,3018.0,2505.0,0.001,0.4158,0.3269,0.8981655930693868,0.305,1.0,1.0,cs,True,"[(554039.0, 146339.0), (554039.0, 146339.0)]",42890834,52107552
26,43921904,,3032.0,793.0,0.049,0.2384,0.078,0.004118756857055117,0.261,1.0,1.0,cs,True,"[(554039.0, 146339.0), (554045.2729999999, 146381.59699999998)]",93849845,42693729
27,43824949,,860.0,793.0,0.021,0.4476,0.09,0.011258042236110585,0.15,1.0,1.0,cs,True,"[(554038.4770000001, 146383.65099999998), (554045.2729999999, 146381.59699999998)]",42693414,42693729
28,93849848,,3032.0,2512.0,0.001,0.4158,0.3269,0.8981655930693868,0.305,1.0,1.0,cs,True,"[(554039.0, 146339.0), (554039.0, 146339.0)]",93849845,93848443
29,43897725,,2504.0,781.0,0.015,0.0571,0.04,0.002071305123661409,0.647,1.0,1.0,cs,True,"[(554039.0, 146339.0), (554057.215, 146317.571)]",52107520,42777729
30,52107530,,3025.0,2506.0,0.001,0.4158,0.3269,0.8981655930693868,0.305,1.0,1.0,cs,True,"[(554039.0, 146339.0), (554039.0, 146339.0)]",42890833,52107528
31,43824859,,860.0,1204.0,0.01,0.4476,0.09,0.011258042236110585,0.15,1.0,1.0,cs,True,"[(554038.4770000001, 146383.65099999998), (554031.871, 146392.063)]",42693414,42700105
32,43939206,,1467.0,1204.0,0.007,1.4662,0.09,0.023149809904275686,0.11,1.0,1.0,cs,True,"[(554027.075, 146388.316), (554031.871, 146392.063)]",42783662,42700105
33,43950988,,860.0,1758.0,0.005,2.1181,0.105,0.01382273259439772,0.065,1.0,1.0,cs,True,"[(554038.4770000001, 146383.65099999998), (554033.681, 146379.664)]",42693414,42769314
34,52889628,,3023.0,2508.0,0.001,0.4158,0.3269,0.8981655930693868,0.305,1.0,1.0,cs,True,"[(553992.0, 146424.0), (553992.0, 146424.0)]",42909247,52889626
35,43923050,,2505.0,1530.0,0.022,0.2384,0.078,0.004118756857055117,0.261,1.0,1.0,cs,True,"[(554039.0, 146339.0), (554016.16, 146347.766)]",52107552,42703621
36,43825015,,1088.0,1486.0,0.011,0.4476,0.09,0.011258042236110585,0.15,1.0,1.0,cs,True,"[(553974.454, 146430.939), (553967.793, 146424.695)]",42691844,42674331
37,52889612,,3024.0,2509.0,0.001,0.4158,0.3269,0.8981655930693868,0.305,1.0,1.0,cs,True,"[(553992.0, 146424.0), (553992.0, 146424.0)]",42909248,52889610
38,52857532,,3029.0,1885.0,0.001,0.4158,0.3269,0.8981655930693868,0.305,1.0,1.0,cs,True,"[(554113.0, 146312.0), (554109.3811090001, 146311.74646199998)]",42969380,52857530
39,52107506,,3030.0,2510.0,0.001,0.4158,0.3269,0.8981655930693868,0.305,1.0,1.0,cs,True,"[(554039.0, 146339.0), (554039.0, 146339.0)]",42890836,52107504
40,52107546,,3026.0,2511.0,0.001,0.4158,0.3269,0.8981655930693868,0.305,1.0,1.0,cs,True,"[(554039.0, 146339.0), (554039.0, 146339.0)]",42890829,52107544
41,52889604,,2502.0,2513.0,0.001,0.4158,0.3269,0.8981655930693868,0.305,1.0,1.0,cs,True,"[(553992.0, 146424.0), (553992.0, 146424.0)]",42901267,52889602
42,52114130,,264.0,204.0,0.001,0.06,0.099,0.020848035196507138,0.668,1.0,1.0,cs,True,"[(553981.0, 145938.0), (553988.6692390001, 145937.681373)]",42879301,52114128
43,43959929,,127.0,204.0,0.248,0.156,0.108,0.03377364890329669,0.414,1.0,1.0,cs,True,"[(554022.719531, 146020.261216), (553988.6692390001, 145937.681373)]",52869178,52114128
44,52114150,,189.0,113.0,0.001,0.06,0.099,0.020848035196507138,0.668,1.0,1.0,cs,True,"[(553981.0, 145938.0), (553984.272809, 145933.525346)]",42876386,52114148
45,52114140,,316.0,106.0,0.001,0.06,0.099,0.020848035196507138,0.668,1.0,1.0,cs,True,"[(553981.0, 145938.0), (553981.3418020001, 145930.754609)]",42876385,52114138
46,52869180,,457.0,127.0,0.001,0.06,0.099,0.020848035196507138,0.668,1.0,1.0,cs,True,"[(554021.0, 146014.0), (554022.719531, 146020.261216)]",42879303,52869178
47,52818650,,181.0,213.0,0.001,0.06,0.099,0.020848035196507138,0.668,1.0,1.0,cs,True,"[(554240.0, 146124.0), (554240.267471, 146130.480239)]",42948112,52818648
48,137006818,,377.0,213.0,0.1,0.156,0.108,0.03377364890329669,0.414,1.0,1.0,cs,True,"[(554209.018503, 146150.11117699998), (554240.267471, 146130.480239)]",137007576,52818648
49,52818640,,239.0,387.0,0.001,0.06,0.099,0.020848035196507138,0.668,1.0,1.0,cs,True,"[(554240.0, 146124.0), (554243.993888, 146127.93181900002)]",42948111,52818638
50,43996378,,325.0,351.0,0.276,0.1654,0.1012,0.03157209741953885,0.46,1.0,1.0,cs,True,"[(554001.929, 145914.67), (553860.473803, 145767.14691500002)]",42822267,52113278
51,52113280,,350.0,351.0,0.001,0.06,0.099,0.020848035196507138,0.668,1.0,1.0,cs,True,"[(553856.0, 145763.0), (553860.473803, 145767.14691500002)]",42923229,52113278
52,184842928,,147.0,344.0,0.001,0.06,0.099,0.020848035196507138,0.668,1.0,1.0,cs,True,"[(554044.9928560001, 145898.93913699998), (554051.0, 145897.0)]",184842916,183138030
53,43958384,,335.0,298.0,0.12,0.156,0.113,0.03128783185733572,0.414,1.0,1.0,cs,True,"[(554436.0, 146391.0), (554368.566, 146336.09699999998)]",193621144,42706732
54,193621147,,335.0,93.0,0.001,0.02,0.033,0.00694934506550238,2.004,1.0,1.0,cs,True,"[(554436.0, 146391.0), (554436.0, 146391.0)]",193621144,42937485
55,44009368,,292.0,364.0,0.143,0.156,0.108,0.03377364890329669,0.414,1.0,1.0,cs,True,"[(554222.2, 146151.513), (554304.134, 146263.786)]",42826833,42858362
56,44009369,,481.0,364.0,0.024,0.156,0.108,0.03377364890329669,0.414,1.0,1.0,cs,True,"[(554314.3944689999, 146258.78207000002), (554304.134, 146263.786)]",52826068,42858362
57,43959755,,106.0,147.0,0.119,0.156,0.108,0.03377364890329669,0.414,1.0,1.0,cs,True,"[(553981.3418020001, 145930.754609), (554044.9928560001, 145898.93913699998)]",52114138,184842916
58,44000334,,289.0,107.0,0.058,0.156,0.108,0.03377364890329669,0.414,1.0,1.0,cs,True,"[(554205.687, 146139.90300000002), (554213.574, 146132.659)]",137006430,42826835
59,192649080,,114.0,459.0,0.001,0.06,0.099,0.020848035196507138,0.668,1.0,1.0,cs,True,"[(554043.662288, 145896.83908099998), (554051.0, 145897.0)]",192649077,42874412
60,68631249,,114.0,325.0,0.06,0.156,0.108,0.03377364890329669,0.414,1.0,1.0,cs,True,"[(554043.662288, 145896.83908099998), (554001.929, 145914.67)]",192649077,42822267
61,44000333,,387.0,292.0,0.058,0.156,0.108,0.03377364890329669,0.414,1.0,1.0,cs,True,"[(554243.993888, 146127.93181900002), (554222.2, 146151.513)]",52818638,42826833
62,135268551,,157.0,246.0,0.001,0.06,0.099,0.020848035196507138,0.668,1.0,1.0,cs,True,"[(554202.0, 146148.0), (554202.0, 146148.0)]",135267619,135267642
63,137007579,,377.0,246.0,0.001,0.06,0.099,0.020848035196507138,0.668,1.0,1.0,cs,True,"[(554209.018503, 146150.11117699998), (554202.0, 146148.0)]",137007576,135267642
64,135268548,,157.0,142.0,0.001,0.06,0.099,0.020848035196507138,0.668,1.0,1.0,cs,True,"[(554202.0, 146148.0), (554202.0, 146148.0)]",135267619,135267646
65,137007567,,142.0,455.0,0.001,0.06,0.099,0.020848035196507138,0.668,1.0,1.0,cs,True,"[(554202.0, 146148.0), (554204.022783, 146140.83940899998)]",135267646,137007564
66,43993260,,113.0,348.0,0.27,0.156,0.108,0.03377364890329669,0.414,1.0,1.0,cs,True,"[(553984.272809, 145933.525346), (554145.477519, 146009.233569)]",52114148,52066187
67,52066189,,172.0,348.0,0.001,0.06,0.099,0.020848035196507138,0.668,1.0,1.0,cs,True,"[(554150.0, 146006.0), (554145.477519, 146009.233569)]",42968939,52066187
68,43959870,,298.0,295.0,0.086,0.156,0.108,0.03377364890329669,0.414,1.0,1.0,cs,True,"[(554368.566, 146336.09699999998), (554322.649, 146286.61)]",42706732,42858363
69,44009370,,137.0,295.0,0.024,0.156,0.108,0.03377364890329669,0.414,1.0,1.0,cs,True,"[(554324.086109, 146265.263039), (554322.649, 146286.61)]",52826058,42858363
70,52066199,,357.0,396.0,0.001,0.06,0.099,0.020848035196507138,0.668,1.0,1.0,cs,True,"[(554150.0, 146006.0), (554150.063415, 146013.579548)]",42876372,52066197
71,44000331,,107.0,396.0,0.15,0.156,0.108,0.03377364890329669,0.414,1.0,1.0,cs,True,"[(554213.574, 146132.659), (554150.063415, 146013.579548)]",42826835,52066197
72,52826070,,123.0,481.0,0.001,0.06,0.099,0.020848035196507138,0.668,1.0,1.0,cs,True,"[(554322.0, 146260.0), (554314.3944689999, 146258.78207000002)]",42951836,52826068
73,52826060,,458.0,137.0,0.001,0.06,0.099,0.020848035196507138,0.668,1.0,1.0,cs,True,"[(554322.0, 146260.0), (554324.086109, 146265.263039)]",42951835,52826058
74,137006812,,455.0,289.0,0.005,0.156,0.108,0.03377364890329669,0.414,1.0,1.0,cs,True,"[(554204.022783, 146140.83940899998), (554205.687, 146139.90300000002)]",137007564,137006430
75,52105788,,327.0,167.0,0.001,0.06,0.099,0.020848035196507138,0.668,1.0,1.0,cs,True,"[(554286.0, 145634.0), (554292.483192, 145630.192411)]",42935454,52105786
76,43958037,,255.0,288.0,0.002,0.156,0.108,0.03377364890329669,0.414,1.0,1.0,cs,True,"[(554294.937, 145599.424), (554295.892, 145597.113)]",42827073,42707478
77,43956914,,109.0,288.0,0.143,0.156,0.108,0.03377364890329669,0.414,1.0,1.0,cs,True,"[(554185.906, 145627.137), (554295.892, 145597.113)]",42858229,42707478
78,52105806,,466.0,434.0,0.001,0.06,0.099,0.020848035196507138,0.668,1.0,1.0,cs,True,"[(554286.0, 145634.0), (554283.857364, 145627.887761)]",42935344,52105804
79,159486584,,132.0,235.0,0.02,0.156,0.108,0.03377364890329669,0.414,1.0,1.0,cs,True,"[(554405.916503, 146122.764795), (554400.190217, 146126.835475)]",159486510,159486605
80,158564132,,483.0,486.0,0.001,0.06,0.099,0.020848035196507138,0.668,1.0,1.0,cs,True,"[(554410.0, 146119.0), (554410.0, 146119.0)]",158564065,159486415
81,88878704,,278.0,470.0,0.064,0.156,0.108,0.03377364890329669,0.414,1.0,1.0,cs,True,"[(554391.0270189999, 146132.924597), (554366.090457, 146119.143392)]",88874768,88877486
82,43959725,,180.0,234.0,0.18,0.156,0.108,0.03379085840592258,0.414,1.0,1.0,cs,True,"[(554277.224406, 145837.926629), (554225.307489, 145797.12040699998)]",52076979,52035907
83,52035909,,124.0,234.0,0.001,0.06,0.099,0.020848035196507138,0.668,1.0,1.0,cs,True,"[(554225.0, 145790.0), (554225.307489, 145797.12040699998)]",42876145,52035907
84,52127918,,449.0,259.0,0.001,0.06,0.099,0.020848035196507138,0.668,1.0,1.0,cs,True,"[(554162.0, 145820.0), (554163.679457, 145813.998123)]",42875850,52127916
85,52127908,,464.0,271.0,0.001,0.06,0.099,0.020848035196507138,0.668,1.0,1.0,cs,True,"[(554162.0, 145820.0), (554169.2441560001, 145820.379015)]",42875849,52127906
86,43959750,,76.0,425.0,0.281,0.156,0.108,0.03379085840592258,0.414,1.0,1.0,cs,True,"[(554362.9529329999, 146121.624022), (554460.792053, 146270.070477)]",88877489,52226716
87,52226912,,162.0,425.0,0.001,0.06,0.099,0.020848035196507138,0.668,1.0,1.0,cs,True,"[(554462.0, 146263.0), (554460.792053, 146270.070477)]",42968376,52226716
88,52815056,,419.0,231.0,0.001,0.06,0.099,0.020848035196507138,0.668,1.0,1.0,cs,True,"[(554179.0, 145632.0), (554179.0, 145632.0)]",42876782,52815054
89,159486608,,235.0,210.0,0.001,0.06,0.099,0.020848035196507138,0.668,1.0,1.0,cs,True,"[(554400.190217, 146126.835475), (554395.0, 146129.0)]",159486605,88865472
90,52045559,,303.0,75.0,0.001,0.06,0.099,0.020848035196507138,0.668,1.0,1.0,cs,True,"[(554206.0, 145710.0), (554200.070867, 145708.703798)]",42895114,52045557
91,52045569,,233.0,240.0,0.001,0.06,0.099,0.020848035196507138,0.668,1.0,1.0,cs,True,"[(554206.0, 145710.0), (554201.727501, 145716.066779)]",42895113,52045567
92,43967313,,259.0,240.0,0.158,0.156,0.108,0.03377364890329669,0.414,1.0,1.0,cs,True,"[(554163.679457, 145813.998123), (554201.727501, 145716.066779)]",52127916,52045567
93,43958150,,167.0,100.0,0.046,0.156,0.113,0.03128783185733572,0.414,1.0,1.0,cs,True,"[(554292.483192, 145630.192411), (554304.652, 145596.864)]",52105786,42709231
94,88878708,,87.0,76.0,0.064,0.156,0.108,0.03377364890329669,0.414,1.0,1.0,cs,True,"[(554393.103967, 146135.927777), (554362.9529329999, 146121.624022)]",88874775,88877489
95,44000480,,100.0,406.0,0.186,0.156,0.108,0.03377364890329669,0.414,1.0,1.0,cs,True,"[(554304.652, 145596.864), (554159.1, 145666.059)]",42709231,42708069
96,43967312,,75.0,406.0,0.118,0.156,0.108,0.03377364890329669,0.414,1.0,1.0,cs,True,"[(554200.070867, 145708.703798), (554159.1, 145666.059)]",52045557,42708069
97,159486513,,486.0,132.0,0.001,0.06,0.099,0.020848035196507138,0.668,1.0,1.0,cs,True,"[(554410.0, 146119.0), (554405.916503, 146122.764795)]",159486415,159486510
98,44001270,,434.0,255.0,0.044,0.156,0.113,0.03128783185733572,0.414,1.0,1.0,cs,True,"[(554283.857364, 145627.887761), (554294.937, 145599.424)]",52105804,42827073
99,43959731,,271.0,318.0,0.004,0.156,0.108,0.03377364890329669,0.414,1.0,1.0,cs,True,"[(554169.2441560001, 145820.379015), (554171.584, 145820.24800000002)]",52127906,42805060
100,43970267,,179.0,318.0,0.085,0.156,0.108,0.03379085840592258,0.414,1.0,1.0,cs,True,"[(554222.410869, 145794.936085), (554171.584, 145820.24800000002)]",52035917,42805060
101,43959751,,470.0,371.0,0.445,0.156,0.108,0.03379085840592258,0.414,1.0,1.0,cs,True,"[(554366.090457, 146119.143392), (554284.884109, 145832.779466)]",88877486,52076969
102,52076971,,164.0,371.0,0.001,0.06,0.099,0.020848035196507138,0.668,1.0,1.0,cs,True,"[(554284.0, 145840.0), (554284.884109, 145832.779466)]",42876129,52076969
103,88874777,,274.0,87.0,0.001,0.06,0.099,0.020848035196507138,0.668,1.0,1.0,cs,True,"[(554395.0, 146129.0), (554393.103967, 146135.927777)]",88865540,88874775
104,52076981,,185.0,180.0,0.001,0.06,0.099,0.020848035196507138,0.668,1.0,1.0,cs,True,"[(554284.0, 145840.0), (554277.224406, 145837.926629)]",42876130,52076979
105,88874770,,311.0,278.0,0.001,0.06,0.099,0.020848035196507138,0.668,1.0,1.0,cs,True,"[(554395.0, 146129.0), (554391.0270189999, 146132.924597)]",88865486,88874768
106,43958386,,182.0,168.0,0.181,0.156,0.113,0.03128783185733572,0.414,1.0,1.0,cs,True,"[(554464.193712, 146268.08748299998), (554441.546496, 146377.12210799998)]",52226214,52034725
107,52034727,,192.0,168.0,0.001,0.02,0.033,0.00694934506550238,2.004,1.0,1.0,cs,True,"[(554436.0, 146391.0), (554441.546496, 146377.12210799998)]",42937483,52034725
108,52226401,,342.0,182.0,0.001,0.06,0.099,0.020848035196507138,0.668,1.0,1.0,cs,True,"[(554462.0, 146263.0), (554464.193712, 146268.08748299998)]",42875430,52226214
109,52035919,,160.0,179.0,0.001,0.06,0.099,0.020848035196507138,0.668,1.0,1.0,cs,True,"[(554225.0, 145790.0), (554222.410869, 145794.936085)]",42876146,52035917
110,44009181,,231.0,109.0,0.015,0.156,0.108,0.03377364890329669,0.414,1.0,1.0,cs,True,"[(554179.0, 145632.0), (554185.906, 145627.137)]",52815054,42858229
111,43886004,,1783.0,1417.0,0.005,0.2238,0.086,0.009008600390099925,0.22,1.0,1.0,cs,True,"[(554319.73, 145578.952), (554322.366, 145575.64800000002)]",42683203,42696600
112,43885801,,671.0,1417.0,0.007,0.2238,0.086,0.009008600390099925,0.22,1.0,1.0,cs,True,"[(554328.837, 145569.608), (554322.366, 145575.64800000002)]",42696306,42696600
113,43905604,,1783.0,581.0,0.005,0.8409,0.094,0.012281421644563265,0.105,1.0,1.0,cs,True,"[(554319.73, 145578.952), (554321.666, 145580.695)]",42683203,42784353
114,43893986,,875.0,993.0,0.002,0.2238,0.082,0.0045043001950499624,0.255,1.0,1.0,cs,True,"[(554296.698, 145533.456), (554297.267, 145531.565)]",42704117,42684481
115,43896080,,600.0,993.0,0.004,0.2238,0.082,0.0045043001950499624,0.255,1.0,1.0,cs,True,"[(554298.465, 145527.581), (554297.267, 145531.565)]",42677078,42684481
116,43894096,,875.0,1633.0,0.014,0.2238,0.082,0.0045043001950499624,0.255,1.0,1.0,cs,True,"[(554296.698, 145533.456), (554295.725, 145550.677)]",42704117,42667184
117,43825024,,1176.0,1633.0,0.004,0.4476,0.09,0.011258042236110585,0.15,1.0,1.0,cs,True,"[(554289.18, 145550.793), (554295.725, 145550.677)]",42763158,42667184
118,43894045,,1796.0,1633.0,0.011,0.2238,0.082,0.0045043001950499624,0.255,1.0,1.0,cs,True,"[(554297.249, 145558.826), (554295.725, 145550.677)]",42689524,42667184
119,43884293,,2035.0,724.0,0.034,0.9266,0.086,0.02060124821589481,0.149,1.0,1.0,cs,True,"[(554353.046945, 145530.75370899998), (554353.573, 145536.18300000002)]",52929746,42693377
120,43883492,,840.0,724.0,0.006,0.9266,0.086,0.02060124821589481,0.149,1.0,1.0,cs,True,"[(554354.378, 145539.291), (554353.573, 145536.18300000002)]",42787190,42693377
121,52105668,,3042.0,2276.0,0.001,0.4158,0.3269,0.8981655930693868,0.305,1.0,1.0,cs,True,"[(554286.0, 145634.0), (554290.637533, 145638.476302)]",42934199,52105666
122,43885175,,1034.0,792.0,0.012,0.2238,0.086,0.009008600390099925,0.22,1.0,1.0,cs,True,"[(554298.2829999999, 145601.8), (554301.212, 145594.718)]",42703014,42674139
123,132749457,,871.0,792.0,0.005,0.2238,0.086,0.009008600390099925,0.22,1.0,1.0,cs,True,"[(554302.33, 145591.666), (554301.212, 145594.718)]",131541284,42674139
124,43906196,,1031.0,1498.0,0.001,0.8409,0.094,0.012281421644563265,0.105,1.0,1.0,cs,True,"[(554314.566, 145587.11), (554314.145, 145586.811)]",42660316,42689428
125,43885679,,1009.0,1498.0,0.011,0.2238,0.086,0.009008600390099925,0.22,1.0,1.0,cs,True,"[(554310.815, 145591.49599999998), (554314.145, 145586.811)]",42672465,42689428
126,43906201,,1031.0,1770.0,0.005,0.8409,0.094,0.012281421644563265,0.105,1.0,1.0,cs,True,"[(554314.566, 145587.11), (554315.4920000001, 145587.859)]",42660316,42793296
127,43844051,,993.0,1027.0,0.006,0.4476,0.083,0.005628921575691713,0.174,1.0,1.0,cs,True,"[(554297.267, 145531.565), (554298.553, 145531.884)]",42684481,42675495
128,43842408,,1229.0,1027.0,0.004,0.4476,0.083,0.005628921575691713,0.174,1.0,1.0,cs,True,"[(554301.353, 145532.576), (554298.553, 145531.884)]",42788091,42675495
129,52105772,,3043.0,2289.0,0.001,0.4158,0.3269,0.8981655930693868,0.305,1.0,1.0,cs,True,"[(554286.0, 145634.0), (554285.871071, 145628.336417)]",42934198,52105770
130,52105692,,3044.0,2279.0,0.001,0.4158,0.3269,0.8981655930693868,0.305,1.0,1.0,cs,True,"[(554286.0, 145634.0), (554290.176186, 145640.54697)]",42934196,52105690
131,43826931,,2038.0,1255.0,0.034,0.2633,0.078,0.013817932201067487,0.319,1.0,1.0,cs,True,"[(554348.608866, 145523.903971), (554351.807, 145551.786)]",52929770,42690330
132,52929756,,3045.0,2036.0,0.001,0.4158,0.3269,0.8981655930693868,0.305,1.0,1.0,cs,True,"[(554352.0, 145525.0), (554352.390054, 145521.464158)]",42908074,52929754
133,44038497,,833.0,2036.0,0.004,1.3306,0.09,0.006900129764882415,0.093,1.0,1.0,cs,True,"[(554351.26, 145516.293), (554352.390054, 145521.464158)]",42832070,52929754
134,43891634,,2033.0,1021.0,0.007,1.4662,0.09,0.023149809904275686,0.11,1.0,1.0,cs,True,"[(554354.601817, 145524.87779600002), (554356.884, 145521.0)]",52929730,42790819
135,43826666,,2282.0,1034.0,0.042,0.2633,0.078,0.013817932201067487,0.319,1.0,1.0,cs,True,"[(554287.885409, 145628.785214), (554298.2829999999, 145601.8)]",52105714,42703014
136,119479064,,1656.0,863.0,0.001,0.2238,0.086,0.009008600390099925,0.22,1.0,1.0,cs,True,"[(554344.545, 145556.79), (554346.176, 145555.671)]",42690861,119478920
137,43842378,,1656.0,503.0,0.015,0.4476,0.083,0.005628921575691713,0.174,1.0,1.0,cs,True,"[(554344.545, 145556.79), (554341.7270000001, 145552.635)]",42690861,42789009
138,43884997,,1656.0,1231.0,0.004,0.2238,0.086,0.009008600390099925,0.22,1.0,1.0,cs,True,"[(554344.545, 145556.79), (554342.356, 145558.28699999998)]",42690861,42693345
139,43876531,,834.0,1231.0,0.001,0.2238,0.086,0.009008600390099925,0.22,1.0,1.0,cs,True,"[(554341.42, 145558.93099999998), (554342.356, 145558.28699999998)]",42686923,42693345
140,210848517,,1307.0,2271.0,0.065,0.2633,0.078,0.013817932201067487,0.319,1.0,1.0,cs,True,"[(554273.454, 145699.521), (554279.769651, 145638.24672999998)]",210847754,210846340
141,210846343,,2539.0,2271.0,0.001,0.4158,0.3269,0.8981655930693868,0.305,1.0,1.0,cs,True,"[(554286.0, 145634.0), (554279.769651, 145638.24672999998)]",210846134,210846340
142,52105764,,3048.0,2288.0,0.001,0.4158,0.3269,0.8981655930693868,0.305,1.0,1.0,cs,True,"[(554286.0, 145634.0), (554291.5601649999, 145634.33524400002)]",42934201,52105762
143,43885880,,1255.0,976.0,0.007,0.2238,0.086,0.009008600390099925,0.22,1.0,1.0,cs,True,"[(554351.807, 145551.786), (554349.495, 145553.399)]",42690330,42678119
144,43886076,,951.0,976.0,0.006,0.2238,0.086,0.009008600390099925,0.22,1.0,1.0,cs,True,"[(554347.843, 145554.527), (554349.495, 145553.399)]",42670745,42678119
145,43826428,,2289.0,609.0,0.042,0.2633,0.078,0.013817932201067487,0.319,1.0,1.0,cs,True,"[(554285.871071, 145628.336417), (554298.049, 145597.133)]",52105770,42693976
146,52879084,,3049.0,2027.0,0.001,0.4158,0.3269,0.8981655930693868,0.305,1.0,1.0,cs,True,"[(554290.0, 145523.0), (554287.8636340001, 145522.293998)]",42950099,52879082
147,52929748,,3047.0,2035.0,0.001,0.4158,0.3269,0.8981655930693868,0.305,1.0,1.0,cs,True,"[(554352.0, 145525.0), (554353.046945, 145530.75370899998)]",42908070,52929746
148,43885191,,1498.0,1783.0,0.014,0.2238,0.086,0.009008600390099925,0.22,1.0,1.0,cs,True,"[(554314.145, 145586.811), (554319.73, 145578.952)]",42689428,42683203
149,43826638,,1995.0,2034.0,0.061,0.2633,0.078,0.013817932201067487,0.319,1.0,1.0,cs,True,"[(554306.126848, 145541.75357899998), (554347.499633, 145522.191979)]",52931490,52929738
150,52929740,,3052.0,2034.0,0.001,0.4158,0.3269,0.8981655930693868,0.305,1.0,1.0,cs,True,"[(554352.0, 145525.0), (554347.499633, 145522.191979)]",42908072,52929738
151,43897724,,2285.0,1606.0,0.008,0.0571,0.04,0.002071305123661409,0.647,1.0,1.0,cs,True,"[(554280.802819, 145632.03557), (554268.921, 145651.144)]",52105738,42788108
152,43906858,,546.0,1796.0,0.002,0.8409,0.094,0.012281421644563265,0.105,1.0,1.0,cs,True,"[(554293.1479999999, 145561.948), (554297.249, 145558.826)]",42787284,42689524
153,43894874,,1721.0,1796.0,0.005,0.2238,0.082,0.0045043001950499624,0.255,1.0,1.0,cs,True,"[(554299.548, 145562.503), (554297.249, 145558.826)]",42701026,42689524
154,43895073,,1502.0,1307.0,0.022,0.3099,0.082,0.0053589327281018,0.209,1.0,1.0,cs,True,"[(554283.449, 145694.484), (554273.454, 145699.521)]",42765907,210847754
155,43906059,,1593.0,951.0,0.003,0.8409,0.094,0.012281421644563265,0.105,1.0,1.0,cs,True,"[(554349.995, 145556.69), (554347.843, 145554.527)]",42765004,42670745
156,119479063,,863.0,951.0,0.001,0.2238,0.086,0.009008600390099925,0.22,1.0,1.0,cs,True,"[(554346.176, 145555.671), (554347.843, 145554.527)]",119478920,42670745
157,52929732,,3051.0,2033.0,0.001,0.4158,0.3269,0.8981655930693868,0.305,1.0,1.0,cs,True,"[(554352.0, 145525.0), (554354.601817, 145524.87779600002)]",42908073,52929730
158,52929772,,3050.0,2038.0,0.001,0.4158,0.3269,0.8981655930693868,0.305,1.0,1.0,cs,True,"[(554352.0, 145525.0), (554348.608866, 145523.903971)]",42965708,52929770
159,43949988,,671.0,647.0,0.001,2.1181,0.105,0.01382273259439772,0.065,1.0,1.0,cs,True,"[(554328.837, 145569.608), (554330.7629999999, 145571.625)]",42696306,170375053
160,43906703,,1753.0,1033.0,0.004,0.8409,0.094,0.012281421644563265,0.105,1.0,1.0,cs,True,"[(554334.073, 145569.333), (554331.839, 145566.807)]",42863893,42673993
161,43886256,,834.0,1033.0,0.011,0.2238,0.086,0.009008600390099925,0.22,1.0,1.0,cs,True,"[(554341.42, 145558.93099999998), (554331.839, 145566.807)]",42686923,42673993
162,44014393,,1753.0,1679.0,0.001,0.9266,0.086,0.02060124821589481,0.149,1.0,1.0,cs,True,"[(554334.073, 145569.333), (554334.986, 145570.40099999998)]",42863893,42767812
163,131541564,,871.0,1381.0,0.01,0.8409,0.086,0.006140710822281632,0.122,1.0,1.0,cs,True,"[(554302.33, 145591.666), (554296.782, 145589.466)]",131541284,131541350
164,132749456,,871.0,1422.0,0.01,0.2238,0.086,0.009008600390099925,0.22,1.0,1.0,cs,True,"[(554302.33, 145591.666), (554305.176, 145575.836)]",131541284,42692581
165,52105740,,3053.0,2285.0,0.001,0.4158,0.3269,0.8981655930693868,0.305,1.0,1.0,cs,True,"[(554286.0, 145634.0), (554280.802819, 145632.03557)]",42937036,52105738
166,131541315,,609.0,1721.0,0.039,0.2238,0.082,0.0045043001950499624,0.255,1.0,1.0,cs,True,"[(554298.049, 145597.133), (554299.548, 145562.503)]",42693976,42701026
167,119479297,,863.0,946.0,0.002,2.1181,0.094,0.00691136629719886,0.075,1.0,1.0,cs,True,"[(554346.176, 145555.671), (554347.307, 145557.229)]",119478920,119479132
168,131738290,,2542.0,2032.0,0.001,0.4158,0.3269,0.8981655930693868,0.305,1.0,1.0,cs,True,"[(554352.0, 145525.0), (554351.93702, 145529.040648)]",42965709,131738287
169,43811459,,2027.0,600.0,0.004,0.1579,0.08,0.013817932201067487,0.396,1.0,1.0,cs,True,"[(554287.8636340001, 145522.293998), (554298.465, 145527.581)]",52879082,42677078
170,44008902,,2279.0,1551.0,0.038,1.4662,0.09,0.023149809904275686,0.11,1.0,1.0,cs,True,"[(554290.176186, 145640.54697), (554309.838, 145626.645)]",52105690,42786427
171,52931492,,2541.0,1995.0,0.001,0.4158,0.3269,0.8981655930693868,0.305,1.0,1.0,cs,True,"[(554306.0, 145544.0), (554306.126848, 145541.75357899998)]",42954708,52931490
172,43895080,,1996.0,576.0,0.027,0.2238,0.082,0.0045043001950499624,0.255,1.0,1.0,cs,True,"[(554306.126848, 145541.75357899998), (554303.991, 145564.527)]",52931498,42689483
173,43885612,,1422.0,576.0,0.014,0.2238,0.086,0.009008600390099925,0.22,1.0,1.0,cs,True,"[(554305.176, 145575.836), (554303.991, 145564.527)]",42692581,42689483
174,127130361,,1267.0,1625.0,0.002,2.1181,0.105,0.01382273259439772,0.065,1.0,1.0,cs,True,"[(554299.816, 145575.934), (554297.538, 145576.064)]",127130344,42771587
175,43914692,,1761.0,834.0,0.008,0.8409,0.086,0.006140710822281632,0.122,1.0,1.0,cs,True,"[(554343.21, 145561.43099999998), (554341.42, 145558.93099999998)]",42763335,42686923
176,43879491,,1551.0,1282.0,0.003,1.3306,0.09,0.006900129764882415,0.093,1.0,1.0,cs,True,"[(554309.838, 145626.645), (554309.312, 145628.81900000002)]",42786427,42699393
177,127130360,,1422.0,1267.0,0.003,2.1181,0.105,0.01382273259439772,0.065,1.0,1.0,cs,True,"[(554305.176, 145575.836), (554299.816, 145575.934)]",42692581,127130344
178,44008903,,2276.0,1018.0,0.062,0.4932,0.083,0.01888407013430177,0.209,1.0,1.0,cs,True,"[(554290.637533, 145638.476302), (554307.326, 145622.362)]",52105666,42792703
179,52105716,,3056.0,2282.0,0.001,0.4158,0.3269,0.8981655930693868,0.305,1.0,1.0,cs,True,"[(554286.0, 145634.0), (554287.885409, 145628.785214)]",42934203,52105714
180,43967979,,2032.0,812.0,0.072,0.4932,0.083,0.01888407013430177,0.209,1.0,1.0,cs,True,"[(554351.93702, 145529.040648), (554377.167, 145534.071)]",131738287,42789804
181,52931500,,3041.0,1996.0,0.001,0.4158,0.3269,0.8981655930693868,0.305,1.0,1.0,cs,True,"[(554306.0, 145544.0), (554306.126848, 145541.75357899998)]",42954709,52931498
182,43825021,,1780.0,875.0,0.003,0.4476,0.09,0.011258042236110585,0.15,1.0,1.0,cs,True,"[(554291.45, 145532.098), (554296.698, 145533.456)]",42773552,42704117
183,43876508,,1033.0,671.0,0.003,0.2238,0.086,0.009008600390099925,0.22,1.0,1.0,cs,True,"[(554331.839, 145566.807), (554328.837, 145569.608)]",42673993,42696306
184,43826521,,2288.0,1009.0,0.042,0.2633,0.078,0.013817932201067487,0.319,1.0,1.0,cs,True,"[(554291.5601649999, 145634.33524400002), (554310.815, 145591.49599999998)]",52105762,42672465
185,43966944,,1965.0,785.0,0.055,0.4932,0.083,0.01888407013430177,0.209,1.0,1.0,cs,True,"[(554328.250002, 146566.807617), (554278.081, 146576.24599999998)]",52937802,42694667
186,43905675,,1067.0,785.0,0.013,0.8409,0.094,0.012281421644563265,0.105,1.0,1.0,cs,True,"[(554277.7660000001, 146583.72699999998), (554278.081, 146576.24599999998)]",42790555,42694667
187,43966964,,521.0,2344.0,0.116,0.2633,0.078,0.013817932201067487,0.319,1.0,1.0,cs,True,"[(554144.124, 146674.973), (554189.6209229999, 146610.720098)]",137939855,52937858
188,52937860,,3077.0,2344.0,0.001,0.4158,0.3269,0.8981655930693868,0.305,1.0,1.0,cs,True,"[(554197.0, 146608.0), (554189.6209229999, 146610.720098)]",42904673,52937858
189,43903418,,1284.0,1727.0,0.003,2.1181,0.094,0.00691136629719886,0.075,1.0,1.0,cs,True,"[(554061.832, 146496.115), (554061.255, 146496.968)]",42682256,42680373
190,43895114,,1284.0,1764.0,0.03,0.2238,0.082,0.0045043001950499624,0.255,1.0,1.0,cs,True,"[(554061.832, 146496.115), (554084.11, 146511.314)]",42682256,42685683
191,43923788,,1841.0,1764.0,0.032,0.2384,0.078,0.004118756857055117,0.261,1.0,1.0,cs,True,"[(554104.134854, 146525.17744600002), (554084.11, 146511.314)]",52882962,42685683
192,43885515,,1423.0,681.0,0.032,0.2238,0.086,0.009008600390099925,0.22,1.0,1.0,cs,True,"[(554223.909, 146552.981), (554220.494, 146552.833)]",42769956,42678648
193,43885892,,1366.0,681.0,0.007,0.2238,0.086,0.009008600390099925,0.22,1.0,1.0,cs,True,"[(554229.316, 146550.197), (554220.494, 146552.833)]",42699804,42678648
194,43884869,,1627.0,1045.0,0.01,0.2238,0.086,0.009008600390099925,0.22,1.0,1.0,cs,True,"[(554285.329, 146453.2), (554294.464, 146457.461)]",42678001,42696282
195,43824841,,606.0,1045.0,0.013,0.4476,0.09,0.011258042236110585,0.15,1.0,1.0,cs,True,"[(554307.9010000001, 146457.19199999998), (554294.464, 146457.461)]",42768223,42696282
196,43906496,,1552.0,1535.0,0.014,0.8409,0.094,0.012281421644563265,0.105,1.0,1.0,cs,True,"[(554223.596, 146589.369), (554222.6329999999, 146586.055)]",42733247,42683689
197,43966956,,2342.0,1535.0,0.045,0.9266,0.086,0.02060124821589481,0.149,1.0,1.0,cs,True,"[(554201.1550220001, 146602.072794), (554222.6329999999, 146586.055)]",52937842,42683689
198,43914165,,1194.0,955.0,0.018,0.8409,0.086,0.006140710822281632,0.122,1.0,1.0,cs,True,"[(554153.65, 146629.15), (554157.966, 146631.2)]",42793470,42688750
199,43966962,,2340.0,955.0,0.063,0.4932,0.083,0.01888407013430177,0.209,1.0,1.0,cs,True,"[(554191.267846, 146609.485373), (554157.966, 146631.2)]",52937826,42688750
200,43886183,,1157.0,1627.0,0.015,0.2238,0.086,0.009008600390099925,0.22,1.0,1.0,cs,True,"[(554276.4839999999, 146449.074), (554285.329, 146453.2)]",42690135,42678001
201,43825281,,667.0,1627.0,0.006,0.4476,0.09,0.011258042236110585,0.15,1.0,1.0,cs,True,"[(554287.618, 146447.952), (554285.329, 146453.2)]",42782833,42678001
202,43884658,,1157.0,1130.0,0.02,0.2238,0.086,0.009008600390099925,0.22,1.0,1.0,cs,True,"[(554276.4839999999, 146449.074), (554261.385, 146442.999)]",42690135,42676283
203,43965528,,2575.0,1130.0,0.022,0.2466,0.082,0.015110841974070288,0.308,1.0,1.0,cs,True,"[(554243.0, 146440.0), (554261.385, 146442.999)]",52850986,42676283
204,43939533,,1975.0,518.0,0.029,1.4662,0.09,0.023149809904275686,0.11,1.0,1.0,cs,True,"[(554158.713624, 146531.972782), (554157.212, 146519.533)]",52076053,42791308
205,43966953,,1964.0,1638.0,0.033,0.9266,0.086,0.02060124821589481,0.149,1.0,1.0,cs,True,"[(554328.250001, 146564.81957999998), (554301.129, 146581.024)]",52937794,42702361
206,43966963,,2341.0,1202.0,0.027,0.4932,0.083,0.01888407013430177,0.209,1.0,1.0,cs,True,"[(554192.91617, 146608.24959700002), (554197.6170000001, 146583.44400000002)]",52937834,42799793
207,43848956,,1212.0,1202.0,0.035,0.4476,0.09,0.011258042236110585,0.15,1.0,1.0,cs,True,"[(554168.922, 146581.441), (554197.6170000001, 146583.44400000002)]",42694243,42799793
208,137936834,,3064.0,2125.0,0.001,0.4158,0.3269,0.8981655930693868,0.305,1.0,1.0,cs,True,"[(554113.0, 146717.0), (554115.3760520001, 146717.328709)]",137936339,137936831
209,43894108,,1097.0,1284.0,0.015,0.2238,0.082,0.0045043001950499624,0.255,1.0,1.0,cs,True,"[(554046.519, 146485.756), (554061.832, 146496.115)]",42687631,42682256
210,43885464,,1097.0,909.0,0.037,0.2238,0.086,0.009008600390099925,0.22,1.0,1.0,cs,True,"[(554046.519, 146485.756), (554015.256, 146464.39800000002)]",42687631,42685805
211,43939273,,1649.0,909.0,0.002,4.71,0.12,0.02573240793725066,0.05,1.0,1.0,cs,True,"[(554019.07, 146457.82), (554015.256, 146464.39800000002)]",42766857,42685805
212,43923366,,2419.0,1142.0,0.052,0.2384,0.078,0.004118756857055117,0.261,1.0,1.0,cs,True,"[(554260.494381, 146544.248556), (554205.603, 146543.108)]",52086091,42695889
213,43924236,,1979.0,1142.0,0.053,0.2384,0.078,0.004118756857055117,0.261,1.0,1.0,cs,True,"[(554174.153423, 146533.486029), (554205.603, 146543.108)]",52895674,42695889
214,52086125,,2579.0,2423.0,0.001,0.4158,0.3269,0.8981655930693868,0.305,1.0,1.0,cs,True,"[(554255.0, 146544.0), (554260.494381, 146544.248556)]",42889325,52086123
215,43892167,,538.0,806.0,0.012,0.4932,0.083,0.01888407013430177,0.209,1.0,1.0,cs,True,"[(554167.449, 146546.015), (554171.565, 146538.458)]",42683854,42676172
216,43892129,,1981.0,806.0,0.006,0.4932,0.083,0.01888407013430177,0.209,1.0,1.0,cs,True,"[(554172.029356, 146533.41630399998), (554171.565, 146538.458)]",52895690,42676172
217,43885863,,1658.0,632.0,0.04,0.2238,0.086,0.009008600390099925,0.22,1.0,1.0,cs,True,"[(554208.855, 146545.258), (554213.009, 146571.81900000002)]",42687918,42689812
218,43907461,,1795.0,632.0,0.007,0.2466,0.082,0.015110841974070288,0.308,1.0,1.0,cs,True,"[(554208.411, 146581.386), (554213.009, 146571.81900000002)]",42674688,42689812
219,43894417,,2552.0,1344.0,0.001,0.2238,0.082,0.0045043001950499624,0.255,1.0,1.0,cs,True,"[(553992.0, 146424.0), (553998.439, 146432.54)]",52889618,42689911
220,44038279,,2421.0,562.0,0.005,1.3306,0.09,0.006900129764882415,0.093,1.0,1.0,cs,True,"[(554260.494381, 146544.248556), (554258.6429999999, 146531.309)]",52086107,42835274
221,52086085,,2568.0,2418.0,0.001,0.4158,0.3269,0.8981655930693868,0.305,1.0,1.0,cs,True,"[(554255.0, 146544.0), (554260.494381, 146544.248556)]",42976842,52086083
222,52937804,,3065.0,1965.0,0.001,0.4158,0.3269,0.8981655930693868,0.305,1.0,1.0,cs,True,"[(554326.0, 146562.0), (554328.250002, 146566.807617)]",42903602,52937802
223,52937844,,3066.0,2342.0,0.001,0.4158,0.3269,0.8981655930693868,0.305,1.0,1.0,cs,True,"[(554197.0, 146608.0), (554201.1550220001, 146602.072794)]",42904675,52937842
224,43965531,,2570.0,738.0,0.07,0.4932,0.083,0.01888407013430177,0.209,1.0,1.0,cs,True,"[(554243.0, 146440.0), (554235.025, 146463.863)]",52850994,42769205
225,52895692,,2581.0,1981.0,0.001,0.4158,0.3269,0.8981655930693868,0.305,1.0,1.0,cs,True,"[(554167.0, 146531.0), (554172.029356, 146533.41630399998)]",42909253,52895690
226,43892162,,1974.0,1756.0,0.006,0.4932,0.083,0.01888407013430177,0.209,1.0,1.0,cs,True,"[(554169.90705, 146533.34663800002), (554169.558, 146538.638)]",52043545,42685384
227,43966955,,2346.0,1966.0,0.149,0.2633,0.078,0.013817932201067487,0.319,1.0,1.0,cs,True,"[(554197.85898, 146604.543891), (554328.250002, 146568.795898)]",52937874,52937810
228,52937812,,2565.0,1966.0,0.001,0.4158,0.3269,0.8981655930693868,0.305,1.0,1.0,cs,True,"[(554326.0, 146562.0), (554328.250002, 146568.795898)]",42903600,52937810
229,52882980,,3071.0,1843.0,0.001,0.4158,0.3269,0.8981655930693868,0.305,1.0,1.0,cs,True,"[(554109.0, 146522.0), (554102.992831, 146526.866085)]",42952264,52882978
230,52889620,,3033.0,2552.0,0.001,0.4158,0.3269,0.8981655930693868,0.305,1.0,1.0,cs,True,"[(553992.0, 146424.0), (553992.0, 146424.0)]",42909249,52889618
231,137940256,,2125.0,1767.0,0.06,0.245,0.071,3.1830988618379066,0.281,1.0,1.0,cs,True,"[(554115.3760520001, 146717.328709), (554146.039, 146675.547)]",137936831,137939848
232,43922557,,2423.0,842.0,0.052,0.2384,0.078,0.004118756857055117,0.261,1.0,1.0,cs,True,"[(554260.494381, 146544.248556), (554295.345, 146547.09900000002)]",52086123,42695559
233,43851526,,1209.0,842.0,0.005,3.5639,0.112,0.018421777081068968,0.05,1.0,1.0,cs,True,"[(554293.23, 146543.957), (554295.345, 146547.09900000002)]",42801395,42695559
234,43879828,,1489.0,859.0,0.001,1.3306,0.09,0.006900129764882415,0.093,1.0,1.0,cs,True,"[(554058.531, 146500.995), (554057.154, 146503.03)]",42699150,42691094
235,43922477,,2418.0,1093.0,0.037,0.2384,0.078,0.004118756857055117,0.261,1.0,1.0,cs,True,"[(554260.494381, 146544.248556), (554229.448, 146548.174)]",52086083,42658465
236,43884534,,1429.0,1093.0,0.008,0.2238,0.086,0.009008600390099925,0.22,1.0,1.0,cs,True,"[(554211.209, 146547.36800000002), (554229.448, 146548.174)]",42704170,42658465
237,43905152,,1727.0,1489.0,0.007,2.1181,0.094,0.00691136629719886,0.075,1.0,1.0,cs,True,"[(554061.255, 146496.968), (554058.531, 146500.995)]",42680373,42699150
238,43906836,,1468.0,1437.0,0.031,0.8409,0.094,0.012281421644563265,0.105,1.0,1.0,cs,True,"[(554145.4839999999, 146582.351), (554121.064, 146581.80800000002)]",42681594,42784577
239,43905773,,1468.0,1291.0,0.009,0.8409,0.094,0.012281421644563265,0.105,1.0,1.0,cs,True,"[(554145.4839999999, 146582.351), (554145.083, 146585.72699999998)]",42681594,42744012
240,43848246,,1468.0,1212.0,0.025,0.4476,0.09,0.011258042236110585,0.15,1.0,1.0,cs,True,"[(554145.4839999999, 146582.351), (554168.922, 146581.441)]",42681594,42694243
241,43848988,,1066.0,1212.0,0.013,0.4476,0.09,0.011258042236110585,0.15,1.0,1.0,cs,True,"[(554168.9, 146586.449), (554168.922, 146581.441)]",42758495,42694243
242,52043547,,2560.0,1974.0,0.001,0.4158,0.3269,0.8981655930693868,0.305,1.0,1.0,cs,True,"[(554167.0, 146531.0), (554169.90705, 146533.34663800002)]",42903959,52043545
243,52895684,,2571.0,1980.0,0.001,0.4158,0.3269,0.8981655930693868,0.305,1.0,1.0,cs,True,"[(554167.0, 146531.0), (554159.289014, 146532.998093)]",42909251,52895682
244,43906137,,1638.0,1105.0,0.011,0.8409,0.094,0.012281421644563265,0.105,1.0,1.0,cs,True,"[(554301.129, 146581.024), (554301.039, 146583.032)]",42702361,42791520
245,43939285,,859.0,1179.0,0.009,4.71,0.12,0.02573240793725066,0.05,1.0,1.0,cs,True,"[(554057.154, 146503.03), (554053.315, 146508.84699999998)]",42691094,42744368
246,43939275,,866.0,1398.0,0.015,4.71,0.12,0.02573240793725066,0.05,1.0,1.0,cs,True,"[(554189.394, 146522.06900000002), (554181.011, 146527.726)]",42793444,42680387
247,43939202,,1076.0,1398.0,0.008,2.1181,0.105,0.01382273259439772,0.065,1.0,1.0,cs,True,"[(554179.845, 146530.021), (554181.011, 146527.726)]",42678134,42680387
248,52850980,,2553.0,2554.0,0.001,0.4158,0.3269,0.8981655930693868,0.305,1.0,1.0,cs,True,"[(554243.0, 146440.0), (554243.0, 146440.0)]",42975991,52850978
249,43965544,,2572.0,2554.0,0.106,0.2633,0.078,0.013817932201067487,0.319,1.0,1.0,cs,True,"[(554228.0, 146529.0), (554243.0, 146440.0)]",52946242,52850978
250,43965546,,2562.0,613.0,0.01,0.2633,0.078,0.013817932201067487,0.319,1.0,1.0,cs,True,"[(554228.0, 146529.0), (554212.701, 146529.22)]",52946266,42672499
251,43924651,,2420.0,613.0,0.096,0.2384,0.078,0.004118756857055117,0.261,1.0,1.0,cs,True,"[(554260.494381, 146544.248556), (554212.701, 146529.22)]",52086099,42672499
252,43825137,,572.0,1157.0,0.008,0.4476,0.09,0.011258042236110585,0.15,1.0,1.0,cs,True,"[(554278.814, 146443.973), (554276.4839999999, 146449.074)]",42774348,42690135
253,43923689,,842.0,1736.0,0.001,0.2384,0.078,0.004118756857055117,0.261,1.0,1.0,cs,True,"[(554295.345, 146547.09900000002), (554299.848, 146547.30800000002)]",42695559,42672198
254,43904404,,796.0,701.0,0.006,2.1181,0.094,0.00691136629719886,0.075,1.0,1.0,cs,True,"[(554137.677, 146534.831), (554137.136, 146525.935)]",42655879,42790182
255,52086101,,2582.0,2420.0,0.001,0.4158,0.3269,0.8981655930693868,0.305,1.0,1.0,cs,True,"[(554255.0, 146544.0), (554260.494381, 146544.248556)]",42889326,52086099
256,43852995,,938.0,1603.0,0.011,1.3306,0.09,0.006900129764882415,0.093,1.0,1.0,cs,True,"[(554385.081, 146592.325), (554382.654, 146594.878)]",42763526,42665892
257,43881722,,1356.0,1603.0,0.019,1.3306,0.09,0.006900129764882415,0.093,1.0,1.0,cs,True,"[(554368.589, 146584.196), (554382.654, 146594.878)]",42699715,42665892
258,52946236,,3075.0,2558.0,0.001,0.4158,0.3269,0.8981655930693868,0.305,1.0,1.0,cs,True,"[(554228.0, 146529.0), (554228.0, 146529.0)]",42897720,52946234
259,43907252,,1618.0,709.0,0.007,0.2466,0.082,0.015110841974070288,0.308,1.0,1.0,cs,True,"[(554214.986, 146571.517), (554209.23, 146583.21)]",42658456,42657359
260,43876565,,1618.0,1429.0,0.041,0.2238,0.086,0.009008600390099925,0.22,1.0,1.0,cs,True,"[(554214.986, 146571.517), (554211.209, 146547.36800000002)]",42658456,42704170
261,52937820,,3076.0,1967.0,0.001,0.4158,0.3269,0.8981655930693868,0.305,1.0,1.0,cs,True,"[(554326.0, 146562.0), (554328.25, 146560.843018)]",42903601,52937818
262,43906372,,1547.0,1592.0,0.019,0.9266,0.086,0.02060124821589481,0.149,1.0,1.0,cs,True,"[(554109.826, 146552.182), (554116.753, 146541.193)]",42756786,42668642
263,43884027,,874.0,1592.0,0.005,0.9266,0.086,0.02060124821589481,0.149,1.0,1.0,cs,True,"[(554111.968, 146530.335), (554116.753, 146541.193)]",42690624,42668642
264,43843402,,1149.0,538.0,0.005,0.4476,0.083,0.005628921575691713,0.174,1.0,1.0,cs,True,"[(554164.7779999999, 146546.914), (554167.449, 146546.015)]",42772160,42683854
265,43906189,,1645.0,1246.0,0.01,0.8409,0.094,0.012281421644563265,0.105,1.0,1.0,cs,True,"[(554129.754, 146495.973), (554121.2289999999, 146491.99300000002)]",42774851,42677235
266,43824855,,1029.0,1246.0,0.023,0.4476,0.09,0.011258042236110585,0.15,1.0,1.0,cs,True,"[(554108.191, 146508.885), (554121.2289999999, 146491.99300000002)]",42678359,42677235
267,43883991,,1839.0,874.0,0.027,0.9266,0.086,0.02060124821589481,0.149,1.0,1.0,cs,True,"[(554107.869386, 146527.68810899998), (554111.968, 146530.335)]",52043553,42690624
268,44002304,,1843.0,1166.0,0.03,0.4932,0.083,0.01888407013430177,0.209,1.0,1.0,cs,True,"[(554102.992831, 146526.866085), (554089.7239999999, 146517.611)]",52882978,42824928
269,44002305,,1773.0,1166.0,0.04,0.4932,0.083,0.01888407013430177,0.209,1.0,1.0,cs,True,"[(554065.853, 146551.85), (554089.7239999999, 146517.611)]",42738067,42824928
270,170226797,,1720.0,959.0,0.025,0.9266,0.086,0.02060124821589481,0.149,1.0,1.0,cs,True,"[(554192.147, 146480.00699999998), (554195.5229999999, 146490.61800000002)]",42768299,42695099
271,43965548,,2561.0,959.0,0.075,0.9266,0.086,0.02060124821589481,0.149,1.0,1.0,cs,True,"[(554228.0, 146529.0), (554195.5229999999, 146490.61800000002)]",52946226,42695099
272,43906029,,1092.0,918.0,0.011,0.8409,0.094,0.012281421644563265,0.105,1.0,1.0,cs,True,"[(554253.67, 146585.97), (554252.443, 146576.839)]",42793283,42676019
273,43966957,,2343.0,918.0,0.082,0.4932,0.083,0.01888407013430177,0.209,1.0,1.0,cs,True,"[(554199.50654, 146603.30868800002), (554252.443, 146576.839)]",52937850,42676019
274,52076055,,2564.0,1975.0,0.001,0.4158,0.3269,0.8981655930693868,0.305,1.0,1.0,cs,True,"[(554167.0, 146531.0), (554158.713624, 146531.972782)]",42903960,52076053
275,43923004,,1980.0,1842.0,0.083,0.2384,0.078,0.004118756857055117,0.261,1.0,1.0,cs,True,"[(554159.289014, 146532.998093), (554106.729996, 146529.372854)]",52895682,52882970
276,52882972,,2557.0,1842.0,0.001,0.4158,0.3269,0.8981655930693868,0.305,1.0,1.0,cs,True,"[(554109.0, 146522.0), (554106.729996, 146529.372854)]",42904380,52882970
277,43942539,,1977.0,796.0,0.047,1.4662,0.09,0.023149809904275686,0.11,1.0,1.0,cs,True,"[(554161.412154, 146533.067786), (554137.677, 146534.831)]",52147602,42655879
278,52914356,,3079.0,2130.0,0.001,0.4158,0.3269,0.8981655930693868,0.305,1.0,1.0,cs,True,"[(554113.0, 146717.0), (554116.3145880001, 146715.575088)]",42942682,52914354
279,52946228,,3081.0,2561.0,0.001,0.4158,0.3269,0.8981655930693868,0.305,1.0,1.0,cs,True,"[(554228.0, 146529.0), (554228.0, 146529.0)]",42897719,52946226
280,52741733,,3080.0,1840.0,0.001,0.4158,0.3269,0.8981655930693868,0.305,1.0,1.0,cs,True,"[(554109.0, 146522.0), (554110.149369, 146524.31684100002)]",42904376,52741569
281,52946268,,2569.0,2562.0,0.001,0.4158,0.3269,0.8981655930693868,0.305,1.0,1.0,cs,True,"[(554228.0, 146529.0), (554228.0, 146529.0)]",42897717,52946266
282,43922882,,2422.0,801.0,0.037,0.2384,0.078,0.004118756857055117,0.261,1.0,1.0,cs,True,"[(554260.494381, 146544.248556), (554229.566, 146546.218)]",52086115,42697737
283,43851546,,1595.0,868.0,0.002,3.5639,0.112,0.018421777081068968,0.05,1.0,1.0,cs,True,"[(554121.427, 146523.915), (554118.8489999999, 146527.74300000002)]",42780624,42700544
284,43940660,,1840.0,868.0,0.014,1.4662,0.09,0.023149809904275686,0.11,1.0,1.0,cs,True,"[(554110.149369, 146524.31684100002), (554118.8489999999, 146527.74300000002)]",52741569,42700544
285,43965547,,2566.0,1298.0,0.065,0.4932,0.083,0.01888407013430177,0.209,1.0,1.0,cs,True,"[(554228.0, 146529.0), (554207.2220000001, 146497.638)]",52946250,42656791
286,43848399,,1566.0,1298.0,0.004,0.4476,0.09,0.011258042236110585,0.15,1.0,1.0,cs,True,"[(554209.948, 146494.509), (554207.2220000001, 146497.638)]",42773116,42656791
287,43891985,,1844.0,1029.0,0.006,0.4932,0.083,0.01888407013430177,0.209,1.0,1.0,cs,True,"[(554108.705121, 146518.419678), (554108.191, 146508.885)]",52882986,42678359
288,43892205,,1756.0,1745.0,0.012,0.4932,0.083,0.01888407013430177,0.209,1.0,1.0,cs,True,"[(554169.558, 146538.638), (554162.933, 146543.842)]",42685384,42679881
289,43842899,,1539.0,1745.0,0.005,0.4476,0.083,0.005628921575691713,0.174,1.0,1.0,cs,True,"[(554162.792, 146546.876), (554162.933, 146543.842)]",42768432,42679881
290,52937796,,3083.0,1964.0,0.001,0.4158,0.3269,0.8981655930693868,0.305,1.0,1.0,cs,True,"[(554326.0, 146562.0), (554328.250001, 146564.81957999998)]",42903599,52937794
291,210781649,,2583.0,519.0,0.04,0.9266,0.086,0.02060124821589481,0.149,1.0,1.0,cs,True,"[(554228.0, 146529.0), (554211.369, 146516.136)]",52946258,210781646
292,210781650,,650.0,519.0,0.005,0.9266,0.086,0.02060124821589481,0.149,1.0,1.0,cs,True,"[(554210.2829999999, 146515.585), (554211.369, 146516.136)]",42777552,210781646
293,43885718,,2137.0,1428.0,0.076,0.2238,0.086,0.009008600390099925,0.22,1.0,1.0,cs,True,"[(554456.240704, 146550.795682), (554386.378, 146542.935)]",52925018,42686508
294,43884613,,1277.0,1428.0,0.043,0.2238,0.086,0.009008600390099925,0.22,1.0,1.0,cs,True,"[(554355.338, 146565.529), (554386.378, 146542.935)]",42695025,42686508
295,52147604,,2563.0,1977.0,0.001,0.4158,0.3269,0.8981655930693868,0.305,1.0,1.0,cs,True,"[(554167.0, 146531.0), (554161.412154, 146533.067786)]",42903961,52147602
296,52946252,,3069.0,2566.0,0.001,0.4158,0.3269,0.8981655930693868,0.305,1.0,1.0,cs,True,"[(554228.0, 146529.0), (554228.0, 146529.0)]",42897722,52946250
297,52043555,,3084.0,1839.0,0.001,0.4158,0.3269,0.8981655930693868,0.305,1.0,1.0,cs,True,"[(554109.0, 146522.0), (554107.869386, 146527.68810899998)]",42904377,52043553
298,137940251,,2130.0,521.0,0.06,0.245,0.071,3.1830988618379066,0.281,1.0,1.0,cs,True,"[(554116.3145880001, 146715.575088), (554144.124, 146674.973)]",52914354,137939855
299,52937788,,3068.0,1963.0,0.001,0.4158,0.3269,0.8981655930693868,0.305,1.0,1.0,cs,True,"[(554326.0, 146562.0), (554328.25, 146562.831299)]",42976892,52937786
300,43885298,,909.0,1177.0,0.018,0.2238,0.086,0.009008600390099925,0.22,1.0,1.0,cs,True,"[(554015.256, 146464.39800000002), (554002.938, 146455.369)]",42685805,42679555
301,43884612,,1344.0,1177.0,0.022,0.2238,0.086,0.009008600390099925,0.22,1.0,1.0,cs,True,"[(553998.439, 146432.54), (554002.938, 146455.369)]",42689911,42679555
302,52850996,,3062.0,2570.0,0.001,0.4158,0.3269,0.8981655930693868,0.305,1.0,1.0,cs,True,"[(554243.0, 146440.0), (554243.0, 146440.0)]",42898077,52850994
303,52882988,,3072.0,1844.0,0.001,0.4158,0.3269,0.8981655930693868,0.305,1.0,1.0,cs,True,"[(554109.0, 146522.0), (554108.705121, 146518.419678)]",42904378,52882986
304,43943475,,1978.0,1466.0,0.005,1.4662,0.09,0.023149809904275686,0.11,1.0,1.0,cs,True,"[(554173.728847, 146528.969668), (554174.529, 146520.655)]",52432120,42767192
305,43940135,,1976.0,1076.0,0.007,1.4662,0.09,0.023149809904275686,0.11,1.0,1.0,cs,True,"[(554175.249467, 146531.15159300002), (554179.845, 146530.021)]",52136020,42678134
306,52925020,,3094.0,2137.0,0.001,0.4158,0.3269,0.8981655930693868,0.305,1.0,1.0,cs,True,"[(554454.0, 146551.0), (554456.240704, 146550.795682)]",42949418,52925018
307,52086117,,2577.0,2422.0,0.001,0.4158,0.3269,0.8981655930693868,0.305,1.0,1.0,cs,True,"[(554255.0, 146544.0), (554260.494381, 146544.248556)]",42976841,52086115
308,52432122,,3095.0,1978.0,0.001,0.4158,0.3269,0.8981655930693868,0.305,1.0,1.0,cs,True,"[(554167.0, 146531.0), (554173.728847, 146528.969668)]",42968630,52432120
309,43966958,,709.0,2345.0,0.023,0.2633,0.078,0.013817932201067487,0.319,1.0,1.0,cs,True,"[(554209.23, 146583.21), (554196.21127, 146605.779207)]",42657359,52937866
310,52937868,,2578.0,2345.0,0.001,0.4158,0.3269,0.8981655930693868,0.305,1.0,1.0,cs,True,"[(554197.0, 146608.0), (554196.21127, 146605.779207)]",42904674,52937866
311,52946244,,3067.0,2572.0,0.001,0.4158,0.3269,0.8981655930693868,0.305,1.0,1.0,cs,True,"[(554228.0, 146529.0), (554228.0, 146529.0)]",42897721,52946242
312,43966968,,1767.0,1795.0,0.12,0.2633,0.078,0.013817932201067487,0.319,1.0,1.0,cs,True,"[(554146.039, 146675.547), (554208.411, 146581.386)]",137939848,42674688
313,52937836,,3092.0,2341.0,0.001,0.4158,0.3269,0.8981655930693868,0.305,1.0,1.0,cs,True,"[(554197.0, 146608.0), (554192.91617, 146608.24959700002)]",42969373,52937834
314,52937876,,3060.0,2346.0,0.001,0.4158,0.3269,0.8981655930693868,0.305,1.0,1.0,cs,True,"[(554197.0, 146608.0), (554197.85898, 146604.543891)]",42969374,52937874
315,52086077,,2551.0,2417.0,0.001,0.4158,0.3269,0.8981655930693868,0.305,1.0,1.0,cs,True,"[(554255.0, 146544.0), (554260.494381, 146544.248556)]",42889330,52086075
316,43886308,,1045.0,1011.0,0.056,0.2238,0.086,0.009008600390099925,0.22,1.0,1.0,cs,True,"[(554294.464, 146457.461), (554333.3489999999, 146487.256)]",42696282,42678937
317,109208451,,1177.0,1543.0,0.002,0.8409,0.094,0.012281421644563265,0.105,1.0,1.0,cs,True,"[(554002.938, 146455.369), (554007.119, 146448.225)]",42679555,109212416
318,109208452,,1071.0,1543.0,0.005,0.9266,0.086,0.02060124821589481,0.149,1.0,1.0,cs,True,"[(554008.377, 146446.717), (554007.119, 146448.225)]",42787701,109212416
319,43923561,,2417.0,1366.0,0.041,0.2384,0.078,0.004118756857055117,0.261,1.0,1.0,cs,True,"[(554260.494381, 146544.248556), (554229.316, 146550.197)]",52086075,42699804
320,52850988,,3096.0,2575.0,0.001,0.4158,0.3269,0.8981655930693868,0.305,1.0,1.0,cs,True,"[(554243.0, 146440.0), (554243.0, 146440.0)]",42899980,52850986
321,52086109,,3097.0,2421.0,0.001,0.4158,0.3269,0.8981655930693868,0.305,1.0,1.0,cs,True,"[(554255.0, 146544.0), (554260.494381, 146544.248556)]",42894408,52086107
322,52136022,,2576.0,1976.0,0.001,0.4158,0.3269,0.8981655930693868,0.305,1.0,1.0,cs,True,"[(554167.0, 146531.0), (554175.249467, 146531.15159300002)]",42903958,52136020
323,52937828,,3090.0,2340.0,0.001,0.4158,0.3269,0.8981655930693868,0.305,1.0,1.0,cs,True,"[(554197.0, 146608.0), (554191.267846, 146609.485373)]",42904672,52937826
324,43966952,,1963.0,1022.0,0.041,1.4662,0.09,0.023149809904275686,0.11,1.0,1.0,cs,True,"[(554328.25, 146562.831299), (554353.312, 146569.691)]",52937786,42678704
325,43965545,,2558.0,489.0,0.08,0.9266,0.086,0.02060124821589481,0.149,1.0,1.0,cs,True,"[(554228.0, 146529.0), (554224.88, 146486.816)]",52946234,42773422
326,52895676,,3087.0,1979.0,0.001,0.4158,0.3269,0.8981655930693868,0.305,1.0,1.0,cs,True,"[(554167.0, 146531.0), (554174.153423, 146533.486029)]",42909252,52895674
327,52882964,,3061.0,1841.0,0.001,0.4158,0.3269,0.8981655930693868,0.305,1.0,1.0,cs,True,"[(554109.0, 146522.0), (554104.134854, 146525.17744600002)]",42904379,52882962
328,43880520,,1022.0,1356.0,0.022,1.3306,0.09,0.006900129764882415,0.093,1.0,1.0,cs,True,"[(554353.312, 146569.691), (554368.589, 146584.196)]",42678704,42699715
329,43886573,,801.0,1658.0,0.008,0.2238,0.086,0.009008600390099925,0.22,1.0,1.0,cs,True,"[(554229.566, 146546.218), (554208.855, 146545.258)]",42697737,42687918
330,52086093,,2555.0,2419.0,0.001,0.4158,0.3269,0.8981655930693868,0.305,1.0,1.0,cs,True,"[(554255.0, 146544.0), (554260.494381, 146544.248556)]",42889327,52086091
331,52946260,,2559.0,2583.0,0.001,0.4158,0.3269,0.8981655930693868,0.305,1.0,1.0,cs,True,"[(554228.0, 146529.0), (554228.0, 146529.0)]",42969020,52946258
332,52937852,,3088.0,2343.0,0.001,0.4158,0.3269,0.8981655930693868,0.305,1.0,1.0,cs,True,"[(554197.0, 146608.0), (554199.50654, 146603.30868800002)]",42904676,52937850
333,43966954,,1967.0,1277.0,0.039,0.2633,0.078,0.013817932201067487,0.319,1.0,1.0,cs,True,"[(554328.25, 146560.843018), (554355.338, 146565.529)]",52937818,42695025
334,44017273,,2061.0,767.0,0.045,0.1317,0.039,0.0069089661005337435,0.638,1.0,1.0,cs,True,"[(554244.53989, 146120.89526199998), (554246.417, 146152.841)]",52818630,42819953
335,44000335,,2060.0,1458.0,0.007,0.0571,0.04,0.002071305123661409,0.647,1.0,1.0,cs,True,"[(554244.53989, 146120.89526199998), (554234.079, 146117.205)]",52818622,42816058
336,52818632,,2589.0,2061.0,0.001,0.4158,0.3269,0.8981655930693868,0.305,1.0,1.0,cs,True,"[(554240.0, 146124.0), (554244.53989, 146120.89526199998)]",42948227,52818630
337,52818624,,2585.0,2060.0,0.001,0.4158,0.3269,0.8981655930693868,0.305,1.0,1.0,cs,True,"[(554240.0, 146124.0), (554244.53989, 146120.89526199998)]",42948226,52818622
338,88874791,,2592.0,2464.0,0.001,0.4158,0.3269,0.8981655930693868,0.305,1.0,1.0,cs,True,"[(554395.0, 146129.0), (554399.523591, 146125.87156099998)]",88868655,88874789
339,88877561,,2467.0,1663.0,0.084,0.245,0.071,3.1830988618379066,0.281,1.0,1.0,cs,True,"[(554399.523591, 146125.87156099998), (554343.216, 146075.309)]",88874810,88877470
340,88877565,,1233.0,1663.0,0.101,0.245,0.071,3.1830988618379066,0.281,1.0,1.0,cs,True,"[(554389.845542, 146052.342753), (554343.216, 146075.309)]",42778475,88877470
341,43915160,,1678.0,870.0,0.001,0.8409,0.086,0.006140710822281632,0.122,1.0,1.0,cs,True,"[(554227.185, 145951.945), (554214.432, 145926.822)]",42676566,42821017
342,44002661,,886.0,870.0,0.008,1.4662,0.09,0.023149809904275686,0.11,1.0,1.0,cs,True,"[(554212.714, 145918.073), (554214.432, 145926.822)]",42826186,42821017
343,43825343,,1678.0,838.0,0.075,0.4476,0.09,0.011258042236110585,0.15,1.0,1.0,cs,True,"[(554227.185, 145951.945), (554264.8829999999, 146009.549)]",42676566,170191412
344,88877514,,2464.0,816.0,0.097,0.245,0.071,3.1830988618379066,0.281,1.0,1.0,cs,True,"[(554399.523591, 146125.87156099998), (554337.351, 146067.423)]",88874789,42850145
345,88875024,,2604.0,2472.0,0.001,0.4158,0.3269,0.8981655930693868,0.305,1.0,1.0,cs,True,"[(554395.0, 146129.0), (554399.523591, 146125.87156099998)]",88868679,88875022
346,187438740,,636.0,2472.0,0.185,0.9266,0.086,0.02060124821589481,0.149,1.0,1.0,cs,True,"[(554368.746, 146057.777), (554399.523591, 146125.87156099998)]",183882638,88875022
347,90438308,,1419.0,1168.0,0.01,0.2633,0.078,0.013817932201067487,0.319,1.0,1.0,cs,True,"[(554330.8339770001, 146069.679), (554334.074, 146076.048)]",88877467,90422488
348,44030535,,1419.0,1217.0,0.09,0.2466,0.082,0.015110841974070288,0.308,1.0,1.0,cs,True,"[(554330.8339770001, 146069.679), (554294.94, 146017.478)]",88877467,170192586
349,170192620,,1880.0,1217.0,0.004,0.2466,0.082,0.015110841974070288,0.308,1.0,1.0,cs,True,"[(554290.1742380001, 146011.531856), (554294.94, 146017.478)]",170191153,170192586
350,44002664,,1143.0,1377.0,0.016,3.5639,0.112,0.018421777081068968,0.05,1.0,1.0,cs,True,"[(554216.971, 145907.1), (554236.211, 145898.25400000002)]",42826187,67311115
351,44002663,,1143.0,886.0,0.04,1.3306,0.099,0.013800558689954074,0.08,1.0,1.0,cs,True,"[(554216.971, 145907.1), (554212.714, 145918.073)]",42826187,42826186
352,88874798,,2599.0,2465.0,0.001,0.4158,0.3269,0.8981655930693868,0.305,1.0,1.0,cs,True,"[(554395.0, 146129.0), (554399.523591, 146125.87156099998)]",88868659,88874796
353,43922689,,688.0,832.0,0.02,0.2384,0.078,0.004118756857055117,0.261,1.0,1.0,cs,True,"[(554385.510061, 146149.056931), (554386.0260000001, 146170.063)]",88877474,42775194
354,88878313,,688.0,2469.0,0.024,0.245,0.071,3.1830988618379066,0.281,1.0,1.0,cs,True,"[(554385.510061, 146149.056931), (554399.523591, 146125.87156099998)]",88877474,88874831
355,88874833,,2600.0,2469.0,0.001,0.4158,0.3269,0.8981655930693868,0.305,1.0,1.0,cs,True,"[(554395.0, 146129.0), (554399.523591, 146125.87156099998)]",88868671,88874831
356,191847900,,1882.0,926.0,0.08,0.4932,0.083,0.01888407013430177,0.209,1.0,1.0,cs,True,"[(554291.726568, 146004.547047), (554354.385, 145958.242)]",191847839,42768915
357,191847842,,1882.0,2608.0,0.001,0.4158,0.3269,0.8981655930693868,0.305,1.0,1.0,cs,True,"[(554291.726568, 146004.547047), (554291.0, 146008.0)]",191847839,170190766
358,88874812,,2602.0,2467.0,0.001,0.4158,0.3269,0.8981655930693868,0.305,1.0,1.0,cs,True,"[(554395.0, 146129.0), (554399.523591, 146125.87156099998)]",88868663,88874810
359,43905243,,1421.0,1407.0,0.025,0.1433,0.08,0.004118756857055117,0.319,1.0,1.0,cs,True,"[(554412.591979, 146139.362041), (554433.389, 146127.542)]",88877477,42767097
360,90438017,,1168.0,2466.0,0.094,0.245,0.071,3.1830988618379066,0.281,1.0,1.0,cs,True,"[(554334.074, 146076.048), (554399.523591, 146125.87156099998)]",90422488,88874803
361,88874805,,2596.0,2466.0,0.001,0.4158,0.3269,0.8981655930693868,0.305,1.0,1.0,cs,True,"[(554395.0, 146129.0), (554399.523591, 146125.87156099998)]",88868661,88874803
362,170191156,,1880.0,2594.0,0.001,0.4158,0.3269,0.8981655930693868,0.305,1.0,1.0,cs,True,"[(554290.1742380001, 146011.531856), (554291.0, 146008.0)]",170191153,170190751
363,88877519,,2465.0,621.0,0.097,0.245,0.071,3.1830988618379066,0.281,1.0,1.0,cs,True,"[(554399.523591, 146125.87156099998), (554339.326, 146067.74)]",88874796,119486908
364,119487288,,914.0,2468.0,0.159,0.048,0.036,0.00653935997583595,1.034,1.0,1.0,cs,True,"[(554320.031, 146036.939), (554399.523591, 146125.87156099998)]",42852175,88874817
365,88874819,,2603.0,2468.0,0.001,0.4158,0.3269,0.8981655930693868,0.305,1.0,1.0,cs,True,"[(554395.0, 146129.0), (554399.523591, 146125.87156099998)]",88868665,88874817
366,170191574,,838.0,1879.0,0.043,0.374,0.071,3.1830988618379066,0.217,1.0,1.0,cs,True,"[(554264.8829999999, 146009.549), (554284.118103, 146010.59913699998)]",170191412,170191133
367,88875017,,2607.0,2471.0,0.001,0.4158,0.3269,0.8981655930693868,0.305,1.0,1.0,cs,True,"[(554395.0, 146129.0), (554399.523591, 146125.87156099998)]",88868677,88875015
368,186592772,,1881.0,2606.0,0.001,0.4158,0.3269,0.8981655930693868,0.305,1.0,1.0,cs,True,"[(554290.6514229999, 146011.152282), (554291.0, 146008.0)]",186592769,170190760
369,186592624,,756.0,1881.0,0.015,1.4662,0.09,0.023149809904275686,0.11,1.0,1.0,cs,True,"[(554288.679, 146022.459), (554290.6514229999, 146011.152282)]",186592607,186592769
370,88875000,,2605.0,2470.0,0.001,0.4158,0.3269,0.8981655930693868,0.305,1.0,1.0,cs,True,"[(554395.0, 146129.0), (554399.523591, 146125.87156099998)]",88868673,88874998
371,170191146,,1879.0,2597.0,0.001,0.4158,0.3269,0.8981655930693868,0.305,1.0,1.0,cs,True,"[(554284.118103, 146010.59913699998), (554291.0, 146008.0)]",170191133,170190762
372,88878470,,2469.0,1421.0,0.035,0.154,0.071,3.1830988618379066,0.375,1.0,1.0,cs,True,"[(554399.523591, 146125.87156099998), (554412.591979, 146139.362041)]",88874831,88877477
373,43848750,,1718.0,1109.0,0.004,0.4476,0.09,0.011258042236110585,0.15,1.0,1.0,cs,True,"[(553820.782, 146295.072), (553819.395, 146293.69)]",42685483,42842388
374,43884833,,1718.0,964.0,0.026,0.2238,0.086,0.009008600390099925,0.22,1.0,1.0,cs,True,"[(553820.782, 146295.072), (553838.14, 146277.656)]",42685483,42673405
375,43848624,,1565.0,964.0,0.005,0.4476,0.09,0.011258042236110585,0.15,1.0,1.0,cs,True,"[(553838.833, 146274.172), (553838.14, 146277.656)]",42762753,42673405
376,43885034,,1718.0,1715.0,0.008,0.2238,0.086,0.009008600390099925,0.22,1.0,1.0,cs,True,"[(553820.782, 146295.072), (553817.253, 146298.613)]",42685483,42681505
377,43907456,,1159.0,841.0,0.029,0.3099,0.087,0.0107178654562036,0.18,1.0,1.0,cs,True,"[(553699.309, 146221.052), (553678.3570000001, 146207.87300000002)]",42699807,42677504
378,43950113,,1133.0,841.0,0.008,2.1181,0.105,0.01382273259439772,0.065,1.0,1.0,cs,True,"[(553680.44, 146204.559), (553678.3570000001, 146207.87300000002)]",42741062,42677504
379,43825616,,718.0,841.0,0.008,0.4476,0.09,0.011258042236110585,0.15,1.0,1.0,cs,True,"[(553672.546, 146204.218), (553678.3570000001, 146207.87300000002)]",42656019,42677504
380,52856948,,2614.0,1897.0,0.001,0.4158,0.3269,0.8981655930693868,0.305,1.0,1.0,cs,True,"[(553733.0, 146314.0), (553729.596573, 146314.138957)]",42978929,52856946
381,187565847,,2483.0,894.0,0.145,0.154,0.071,3.1830988618379066,0.375,1.0,1.0,cs,True,"[(553808.6190010001, 146316.600679), (553733.969, 146242.853)]",52112520,187565838
382,187565848,,888.0,894.0,0.01,0.3099,0.087,0.0107178654562036,0.18,1.0,1.0,cs,True,"[(553726.53, 146238.174), (553733.969, 146242.853)]",42679779,187565838
383,43893936,,1985.0,1341.0,0.004,0.2238,0.082,0.0045043001950499624,0.255,1.0,1.0,cs,True,"[(553763.799459, 146377.366973), (553757.772, 146384.999)]",52848634,42788586
384,183029851,,2077.0,644.0,0.043,0.9266,0.086,0.02060124821589481,0.149,1.0,1.0,cs,True,"[(553781.7744270001, 146287.585462), (553808.6429999999, 146261.156)]",183020300,183027579
385,43906468,,1145.0,644.0,0.002,0.8409,0.094,0.012281421644563265,0.105,1.0,1.0,cs,True,"[(553807.187, 146259.78699999998), (553808.6429999999, 146261.156)]",42726127,183027579
386,43906821,,649.0,694.0,0.011,0.8409,0.094,0.012281421644563265,0.105,1.0,1.0,cs,True,"[(553752.707, 146300.096), (553754.0, 146294.77800000002)]",42734829,42675052
387,43825591,,1025.0,694.0,0.022,0.4476,0.09,0.011258042236110585,0.15,1.0,1.0,cs,True,"[(553735.644, 146274.79), (553754.0, 146294.77800000002)]",42692394,42675052
388,43907035,,1406.0,694.0,0.01,0.8409,0.094,0.012281421644563265,0.105,1.0,1.0,cs,True,"[(553756.075, 146297.03699999998), (553754.0, 146294.77800000002)]",42761423,42675052
389,43825486,,1739.0,552.0,0.007,0.4476,0.09,0.011258042236110585,0.15,1.0,1.0,cs,True,"[(553733.754, 146274.135), (553729.975, 146272.826)]",42679796,42692718
390,183020315,,2078.0,2611.0,0.001,0.4158,0.3269,0.8981655930693868,0.305,1.0,1.0,cs,True,"[(553780.475218, 146282.66648299998), (553778.0, 146288.0)]",183020312,183019219
391,52856972,,2616.0,1900.0,0.001,0.4158,0.3269,0.8981655930693868,0.305,1.0,1.0,cs,True,"[(553733.0, 146314.0), (553731.0934479999, 146312.709527)]",42978931,52856970
392,52903132,,3105.0,2178.0,0.001,0.4158,0.3269,0.8981655930693868,0.305,1.0,1.0,cs,True,"[(553715.0, 146440.0), (553712.8529279999, 146441.040931)]",42903119,52903130
393,43905647,,1368.0,1483.0,0.009,0.8409,0.094,0.012281421644563265,0.105,1.0,1.0,cs,True,"[(553713.443, 146380.84900000002), (553716.83, 146383.315)]",42677875,42671156
394,43825558,,1221.0,1136.0,0.007,0.4476,0.09,0.011258042236110585,0.15,1.0,1.0,cs,True,"[(553721.106, 146230.072), (553718.993, 146233.43300000002)]",42766166,42702103
395,43825628,,888.0,1136.0,0.01,0.4476,0.09,0.011258042236110585,0.15,1.0,1.0,cs,True,"[(553726.53, 146238.174), (553718.993, 146233.43300000002)]",42679779,42702103
396,183020355,,2609.0,2082.0,0.001,0.4158,0.3269,0.8981655930693868,0.305,1.0,1.0,cs,True,"[(553778.0, 146288.0), (553778.629266, 146284.364281)]",183019225,183020352
397,44024366,,1900.0,659.0,0.002,0.4932,0.083,0.01888407013430177,0.209,1.0,1.0,cs,True,"[(553731.0934479999, 146312.709527), (553729.915, 146311.452)]",52856970,42841526
398,43895848,,1709.0,1751.0,0.003,0.2238,0.082,0.0045043001950499624,0.255,1.0,1.0,cs,True,"[(553793.881, 146275.774), (553793.8539999999, 146273.968)]",183027576,42751379
399,183029731,,2487.0,1754.0,0.075,0.154,0.071,3.1830988618379066,0.375,1.0,1.0,cs,True,"[(553814.607905, 146315.83505599998), (553807.184, 146289.228)]",52112568,183027623
400,43886200,,1715.0,1754.0,0.014,0.2238,0.086,0.009008600390099925,0.22,1.0,1.0,cs,True,"[(553817.253, 146298.613), (553807.184, 146289.228)]",42681505,183027623
401,44023328,,1898.0,1305.0,0.002,3.5639,0.1,0.009210888540534484,0.058,1.0,1.0,cs,True,"[(553732.7612470001, 146317.33911600002), (553738.068, 146322.886)]",52856954,42857661
402,52112506,,3103.0,2482.0,0.001,0.4158,0.3269,0.8981655930693868,0.305,1.0,1.0,cs,True,"[(553812.0, 146321.0), (553806.981491, 146323.76439300002)]",42888048,52112504
403,43905719,,1483.0,1121.0,0.013,0.8409,0.094,0.012281421644563265,0.105,1.0,1.0,cs,True,"[(553716.83, 146383.315), (553719.74, 146392.81)]",42671156,42701924
404,43915846,,1509.0,1121.0,0.017,0.8409,0.086,0.006140710822281632,0.122,1.0,1.0,cs,True,"[(553719.0210000001, 146405.804), (553719.74, 146392.81)]",42793051,42701924
405,43950960,,1483.0,618.0,0.004,2.1181,0.105,0.01382273259439772,0.065,1.0,1.0,cs,True,"[(553716.83, 146383.315), (553716.696, 146379.176)]",42671156,42702448
406,52856964,,3107.0,1899.0,0.001,0.4158,0.3269,0.8981655930693868,0.305,1.0,1.0,cs,True,"[(553733.0, 146314.0), (553735.662216, 146314.568857)]",42978930,52856962
407,52112546,,3108.0,2485.0,0.001,0.4158,0.3269,0.8981655930693868,0.305,1.0,1.0,cs,True,"[(553812.0, 146321.0), (553816.109439, 146317.330328)]",42875974,52112544
408,43825318,,1136.0,1159.0,0.019,0.4476,0.09,0.011258042236110585,0.15,1.0,1.0,cs,True,"[(553718.993, 146233.43300000002), (553699.309, 146221.052)]",42702103,42699807
409,43843152,,1715.0,1752.0,0.04,0.4476,0.083,0.005628921575691713,0.174,1.0,1.0,cs,True,"[(553817.253, 146298.613), (553832.325, 146295.992)]",42681505,42784573
410,43939245,,1025.0,1760.0,0.032,4.71,0.12,0.02573240793725066,0.05,1.0,1.0,cs,True,"[(553735.644, 146274.79), (553742.872, 146304.74800000002)]",42692394,42673697
411,43904775,,670.0,1760.0,0.013,2.1181,0.094,0.00691136629719886,0.075,1.0,1.0,cs,True,"[(553745.0920000001, 146307.101), (553742.872, 146304.74800000002)]",42751425,42673697
412,43825409,,1025.0,1739.0,0.001,0.4476,0.09,0.011258042236110585,0.15,1.0,1.0,cs,True,"[(553735.644, 146274.79), (553733.754, 146274.135)]",42692394,42679796
413,43848649,,659.0,1739.0,0.032,0.4476,0.09,0.011258042236110585,0.15,1.0,1.0,cs,True,"[(553729.915, 146311.452), (553733.754, 146274.135)]",42841526,42679796
414,43907352,,552.0,1734.0,0.023,0.3099,0.087,0.0107178654562036,0.18,1.0,1.0,cs,True,"[(553729.975, 146272.826), (553733.392, 146262.958)]",42692718,183027633
415,183029892,,2079.0,1734.0,0.083,0.2466,0.082,0.015110841974070288,0.308,1.0,1.0,cs,True,"[(553777.5331369999, 146285.372435), (553733.392, 146262.958)]",183020324,183027633
416,52848636,,3109.0,1985.0,0.001,0.4158,0.3269,0.8981655930693868,0.305,1.0,1.0,cs,True,"[(553764.0, 146374.0), (553763.799459, 146377.366973)]",42903116,52848634
417,183020287,,2626.0,2076.0,0.001,0.4158,0.3269,0.8981655930693868,0.305,1.0,1.0,cs,True,"[(553778.0, 146288.0), (553776.0624060001, 146286.725128)]",183019215,183020284
418,43906052,,758.0,740.0,0.005,0.8409,0.094,0.012281421644563265,0.105,1.0,1.0,cs,True,"[(553770.448, 146286.363), (553771.878, 146285.048)]",42717010,183027572
419,183029846,,2076.0,740.0,0.007,0.9266,0.086,0.02060124821589481,0.149,1.0,1.0,cs,True,"[(553776.0624060001, 146286.725128), (553771.878, 146285.048)]",183020284,183027572
420,52112538,,3101.0,2484.0,0.001,0.4158,0.3269,0.8981655930693868,0.305,1.0,1.0,cs,True,"[(553812.0, 146321.0), (553808.2237229999, 146325.001444)]",42968991,52112536
421,52112498,,3104.0,2481.0,0.001,0.4158,0.3269,0.8981655930693868,0.305,1.0,1.0,cs,True,"[(553812.0, 146321.0), (553805.63057, 146319.601626)]",42970003,52112496
422,183029956,,2082.0,1709.0,0.014,0.245,0.071,3.1830988618379066,0.281,1.0,1.0,cs,True,"[(553778.629266, 146284.364281), (553793.881, 146275.774)]",183020352,183027576
423,43966716,,2178.0,1983.0,0.13,0.2633,0.078,0.013817932201067487,0.319,1.0,1.0,cs,True,"[(553712.8529279999, 146441.040931), (553760.563644, 146374.238298)]",52903130,52848610
424,52848612,,3110.0,1983.0,0.001,0.4158,0.3269,0.8981655930693868,0.305,1.0,1.0,cs,True,"[(553764.0, 146374.0), (553760.563644, 146374.238298)]",42903115,52848610
425,43906034,,1687.0,1041.0,0.002,0.8409,0.094,0.012281421644563265,0.105,1.0,1.0,cs,True,"[(553759.264, 146259.74800000002), (553759.965, 146258.62900000002)]",183027626,42713891
426,183029875,,1687.0,2078.0,0.045,0.245,0.071,3.1830988618379066,0.281,1.0,1.0,cs,True,"[(553759.264, 146259.74800000002), (553780.475218, 146282.66648299998)]",183027626,183020312
427,44028667,,1897.0,757.0,0.19,1.4662,0.09,0.023149809904275686,0.11,1.0,1.0,cs,True,"[(553729.596573, 146314.138957), (553676.709, 146214.383)]",52856946,42855133
428,52112522,,3111.0,2483.0,0.001,0.4158,0.3269,0.8981655930693868,0.305,1.0,1.0,cs,True,"[(553812.0, 146321.0), (553808.6190010001, 146316.600679)]",42967485,52112520
429,52112562,,3102.0,2486.0,0.001,0.4158,0.3269,0.8981655930693868,0.305,1.0,1.0,cs,True,"[(553812.0, 146321.0), (553817.610936, 146318.825564)]",42875743,52112560
430,43966718,,1986.0,1368.0,0.065,0.9266,0.086,0.02060124821589481,0.149,1.0,1.0,cs,True,"[(553759.089388, 146375.699735), (553713.443, 146380.84900000002)]",52848642,42677875
431,183020327,,2613.0,2079.0,0.001,0.4158,0.3269,0.8981655930693868,0.305,1.0,1.0,cs,True,"[(553778.0, 146288.0), (553777.5331369999, 146285.372435)]",183019221,183020324
432,183029056,,2482.0,1982.0,0.12,0.154,0.071,3.1830988618379066,0.375,1.0,1.0,cs,True,"[(553806.981491, 146323.76439300002), (553764.985928, 146369.85447)]",52112504,183051638
433,183029643,,2481.0,2081.0,0.073,0.154,0.071,3.1830988618379066,0.375,1.0,1.0,cs,True,"[(553805.63057, 146319.601626), (553777.5635899999, 146291.458342)]",52112496,183020343
434,43895491,,2485.0,805.0,0.022,0.2238,0.082,0.0045043001950499624,0.255,1.0,1.0,cs,True,"[(553816.109439, 146317.330328), (553812.218, 146300.896)]",52112544,42779307
435,52848644,,3114.0,1986.0,0.001,0.4158,0.3269,0.8981655930693868,0.305,1.0,1.0,cs,True,"[(553764.0, 146374.0), (553759.089388, 146375.699735)]",42903117,52848642
436,183051641,,1982.0,2622.0,0.001,0.4158,0.3269,0.8981655930693868,0.305,1.0,1.0,cs,True,"[(553764.985928, 146369.85447), (553764.0, 146374.0)]",183051638,183051609
437,183020303,,2610.0,2077.0,0.001,0.4158,0.3269,0.8981655930693868,0.305,1.0,1.0,cs,True,"[(553778.0, 146288.0), (553781.7744270001, 146287.585462)]",183019217,183020300
438,183020346,,2081.0,2624.0,0.001,0.4158,0.3269,0.8981655930693868,0.305,1.0,1.0,cs,True,"[(553777.5635899999, 146291.458342), (553778.0, 146288.0)]",183020343,183019210
439,44033434,,1109.0,598.0,0.001,0.4932,0.083,0.01888407013430177,0.209,1.0,1.0,cs,True,"[(553819.395, 146293.69), (553818.689, 146292.894)]",42842388,42790218
440,43896021,,2484.0,1704.0,0.05,0.2238,0.082,0.0045043001950499624,0.255,1.0,1.0,cs,True,"[(553808.2237229999, 146325.001444), (553779.91, 146320.203)]",52112536,42782783
441,52856956,,2621.0,1898.0,0.001,0.4158,0.3269,0.8981655930693868,0.305,1.0,1.0,cs,True,"[(553733.0, 146314.0), (553732.7612470001, 146317.33911600002)]",42981630,52856954
442,43895416,,2486.0,1469.0,0.024,0.2238,0.082,0.0045043001950499624,0.255,1.0,1.0,cs,True,"[(553817.610936, 146318.825564), (553827.145, 146315.762)]",52112560,42763533
443,52112570,,3115.0,2487.0,0.001,0.4158,0.3269,0.8981655930693868,0.305,1.0,1.0,cs,True,"[(553812.0, 146321.0), (553814.607905, 146315.83505599998)]",42888047,52112568
444,44023331,,1899.0,1312.0,0.005,1.4662,0.09,0.023149809904275686,0.11,1.0,1.0,cs,True,"[(553735.662216, 146314.568857), (553740.961, 146320.12300000002)]",52856962,42840892
445,52902316,,3119.0,1902.0,0.001,0.4158,0.3269,0.8981655930693868,0.305,1.0,1.0,cs,True,"[(553673.0, 146194.0), (553675.900083, 146198.48220899998)]",42933936,52902314
