,name,bus,p_kw,q_kvar,const_z_percent,const_i_percent,sn_kva,scaling,in_service,type,index,SectionID,FromNodeID,ToNodeID
0,load 42783662,1467,5.917206719980728,1.9448917959152219,0.0,0.0,,1.0,True,,6,42783662-SPOTLOAD,42783662,42783662-SPOTLOAD
1,load 42787380,890,1.5527394783799917,0.5103607860272223,0.0,0.0,,1.0,True,,11,42787380-SPOTLOAD,42787380,42787380-SPOTLOAD
2,load 42769314,1758,10.866612538631582,3.5716828185855367,0.0,0.0,,1.0,True,,15,42769314-SPOTLOAD,42769314,42769314-SPOTLOAD
3,load 42777729,781,1.1260874677275832,0.3701270516831726,0.0,0.0,,1.0,True,,21,42777729-SPOTLOAD,42777729,42777729-SPOTLOAD
4,load 42783479,1499,4.571590077017807,1.502608993709168,0.0,0.0,,1.0,True,,48,42783479-SPOTLOAD,42783479,42783479-SPOTLOAD
5,load 42785340,818,1.398213757562977,0.4595706377533631,0.0,0.0,,1.0,True,,52,42785340-SPOTLOAD,42785340,42785340-SPOTLOAD
6,load 42793224,1016,7.343482785537461,2.413686068260766,0.0,0.0,,1.0,True,,56,42793224-SPOTLOAD,42793224,42793224-SPOTLOAD
7,load 42767154,1646,4.625735455169786,1.520405718876623,0.0,0.0,,1.0,True,,58,42767154-SPOTLOAD,42767154,42767154-SPOTLOAD
8,load 152492633,448,0.2966245736276128,0.09749578255685375,0.0,0.0,,1.0,True,,84,152492633-SPOTLOAD,152492633,152492633-SPOTLOAD
9,load 42937051,257,4.907508734397876,1.6130201170230212,0.0,0.0,,1.0,True,,163,42937051-SPOTLOAD,42937051,42937051-SPOTLOAD
10,load 42787284,546,4.176909273618437,1.3728836870125714,0.0,0.0,,1.0,True,,279,42787284-SPOTLOAD,42787284,42787284-SPOTLOAD
11,load 42763335,1761,1.8876026686632525,0.6204249940828154,0.0,0.0,,1.0,True,,289,42763335-SPOTLOAD,42763335,42763335-SPOTLOAD
12,load 42773552,1780,3.005271206795921,0.9877848774255197,0.0,0.0,,1.0,True,,291,42773552-SPOTLOAD,42773552,42773552-SPOTLOAD
13,load 42789009,503,6.827573565790082,2.2441149080145735,0.0,0.0,,1.0,True,,301,42789009-SPOTLOAD,42789009,42789009-SPOTLOAD
14,load 42787190,840,8.712790073756816,2.863755609004041,0.0,0.0,,1.0,True,,305,42787190-SPOTLOAD,42787190,42787190-SPOTLOAD
15,load 42789804,812,1.6778830419041961,0.5514934862230697,0.0,0.0,,1.0,True,,314,42789804-SPOTLOAD,42789804,42789804-SPOTLOAD
16,load 42784353,581,1.4401360894196247,0.47334984188667667,0.0,0.0,,1.0,True,,341,42784353-SPOTLOAD,42784353,42784353-SPOTLOAD
17,load 42767812,1679,5.096829194181691,1.6752467429391154,0.0,0.0,,1.0,True,,342,42767812-SPOTLOAD,42767812,42767812-SPOTLOAD
18,load 42786427,1551,7.262530280762189,2.3870782666667183,0.0,0.0,,1.0,True,,347,42786427-SPOTLOAD,42786427,42786427-SPOTLOAD
19,load 42792703,1018,5.5885081839949,1.8368538117411175,0.0,0.0,,1.0,True,,358,42792703-SPOTLOAD,42792703,42792703-SPOTLOAD
20,load 42790819,1021,4.154119994983644,1.3653932133568225,0.0,0.0,,1.0,True,,359,42790819-SPOTLOAD,42790819,42790819-SPOTLOAD
21,load 42765004,1593,2.5467992192581876,0.8370924224521049,0.0,0.0,,1.0,True,,361,42765004-SPOTLOAD,42765004,42765004-SPOTLOAD
22,load 42788091,1229,4.279731430886678,1.4066796957668437,0.0,0.0,,1.0,True,,369,42788091-SPOTLOAD,42788091,42788091-SPOTLOAD
23,load 42793296,1770,3.552419591978877,1.1676238548094395,0.0,0.0,,1.0,True,,372,42793296-SPOTLOAD,42793296,42793296-SPOTLOAD
24,load 42788108,1606,3.1783253637264703,1.0446650281437198,0.0,0.0,,1.0,True,,373,42788108-SPOTLOAD,42788108,42788108-SPOTLOAD
25,load 42771587,1625,0.33377684314226835,0.10970714301764227,0.0,0.0,,1.0,True,,375,42771587-SPOTLOAD,42771587,42771587-SPOTLOAD
26,load 42763158,1176,4.827937993668114,1.5868664793078404,0.0,0.0,,1.0,True,,379,42763158-SPOTLOAD,42763158,42763158-SPOTLOAD
27,load 42765907,1502,5.825995025378243,1.9149119616929564,0.0,0.0,,1.0,True,,380,42765907-SPOTLOAD,42765907,42765907-SPOTLOAD
28,load 42766857,1649,6.20719618525322,2.0402067238196078,0.0,0.0,,1.0,True,,394,42766857-SPOTLOAD,42766857,42766857-SPOTLOAD
29,load 42744012,1291,5.704587168081527,1.875007128755702,0.0,0.0,,1.0,True,,405,42744012-SPOTLOAD,42744012,42744012-SPOTLOAD
30,load 42793283,1092,3.0294098748185063,0.9957188739247329,0.0,0.0,,1.0,True,,408,42793283-SPOTLOAD,42793283,42793283-SPOTLOAD
31,load 42763526,938,2.1513449709937293,0.7071128967221214,0.0,0.0,,1.0,True,,423,42763526-SPOTLOAD,42763526,42763526-SPOTLOAD
32,load 42758495,1066,2.8391717632593307,0.9331906304559884,0.0,0.0,,1.0,True,,428,42758495-SPOTLOAD,42758495,42758495-SPOTLOAD
33,load 42787701,1071,5.041235408686781,1.6569739493002154,0.0,0.0,,1.0,True,,435,42787701-SPOTLOAD,42787701,42787701-SPOTLOAD
34,load 42738067,1773,5.71117609876574,1.8771728055417283,0.0,0.0,,1.0,True,,437,42738067-SPOTLOAD,42738067,42738067-SPOTLOAD
35,load 42777552,650,2.075505702501523,0.682185734620341,0.0,0.0,,1.0,True,,445,42777552-SPOTLOAD,42777552,42777552-SPOTLOAD
36,load 42767192,1466,0.9276727842666453,0.3049112989954669,0.0,0.0,,1.0,True,,454,42767192-SPOTLOAD,42767192,42767192-SPOTLOAD
37,load 42774348,572,1.3404865963536816,0.4405966374267698,0.0,0.0,,1.0,True,,458,42774348-SPOTLOAD,42774348,42774348-SPOTLOAD
38,load 42769205,738,2.195106519757379,0.7214966222187427,0.0,0.0,,1.0,True,,464,42769205-SPOTLOAD,42769205,42769205-SPOTLOAD
39,load 42744368,1179,3.7402645639202095,1.2293655113243251,0.0,0.0,,1.0,True,,477,42744368-SPOTLOAD,42744368,42744368-SPOTLOAD
40,load 42791308,518,5.014003947199549,1.6480234007485717,0.0,0.0,,1.0,True,,491,42791308-SPOTLOAD,42791308,42791308-SPOTLOAD
41,load 42768432,1539,1.3465075121866388,0.4425756167596826,0.0,0.0,,1.0,True,,492,42768432-SPOTLOAD,42768432,42768432-SPOTLOAD
42,load 42756786,1547,6.0400515523977445,1.9852689397340564,0.0,0.0,,1.0,True,,493,42756786-SPOTLOAD,42756786,42756786-SPOTLOAD
43,load 42773116,1566,2.187940986561978,0.719141425352283,0.0,0.0,,1.0,True,,511,42773116-SPOTLOAD,42773116,42773116-SPOTLOAD
44,load 42774851,1645,4.904994071452935,1.6121935872831372,0.0,0.0,,1.0,True,,516,42774851-SPOTLOAD,42774851,42774851-SPOTLOAD
45,load 42769956,1423,5.866660290163407,1.9282779878607295,0.0,0.0,,1.0,True,,520,42769956-SPOTLOAD,42769956,42769956-SPOTLOAD
46,load 42773422,489,8.057633464949841,2.6484160452863015,0.0,0.0,,1.0,True,,523,42773422-SPOTLOAD,42773422,42773422-SPOTLOAD
47,load 42790182,701,7.039399531699238,2.3137387360730726,0.0,0.0,,1.0,True,,530,42790182-SPOTLOAD,42790182,42790182-SPOTLOAD
48,load 42733247,1552,1.8654708855936988,0.6131506287685863,0.0,0.0,,1.0,True,,538,42733247-SPOTLOAD,42733247,42733247-SPOTLOAD
49,load 42791520,1105,8.656119912259879,2.8451290276820784,0.0,0.0,,1.0,True,,553,42791520-SPOTLOAD,42791520,42791520-SPOTLOAD
50,load 42772160,1149,0.8662212214234513,0.284713147050509,0.0,0.0,,1.0,True,,555,42772160-SPOTLOAD,42772160,42772160-SPOTLOAD
51,load 42782833,667,4.699084537736511,1.5445143964457573,0.0,0.0,,1.0,True,,560,42782833-SPOTLOAD,42782833,42782833-SPOTLOAD
52,load 42793470,1194,1.3382312320545497,0.4398553350302573,0.0,0.0,,1.0,True,,572,42793470-SPOTLOAD,42793470,42793470-SPOTLOAD
53,load 42790555,1067,10.943208588325824,3.5968587226395243,0.0,0.0,,1.0,True,,585,42790555-SPOTLOAD,42790555,42790555-SPOTLOAD
54,load 42784577,1437,7.174363107959951,2.3580991183680644,0.0,0.0,,1.0,True,,602,42784577-SPOTLOAD,42784577,42784577-SPOTLOAD
55,load 42793444,866,1.6603673737158968,0.5457363644979887,0.0,0.0,,1.0,True,,608,42793444-SPOTLOAD,42793444,42793444-SPOTLOAD
56,load 42768299,1720,6.216725471592688,2.0433388487730886,0.0,0.0,,1.0,True,,609,42768299-SPOTLOAD,42768299,42768299-SPOTLOAD
57,load 42768223,606,2.1625600929418254,0.7107991290441033,0.0,0.0,,1.0,True,,611,42768223-SPOTLOAD,42768223,42768223-SPOTLOAD
58,load 42816058,1458,3.6585040809576155,1.202492140142773,0.0,0.0,,1.0,True,,635,42816058-SPOTLOAD,42816058,42816058-SPOTLOAD
59,load 42819953,767,6.397763068465847,2.1028430293050753,0.0,0.0,,1.0,True,,641,42819953-SPOTLOAD,42819953,42819953-SPOTLOAD
60,load 183882638,636,5.209389148409032,1.712243410773303,0.0,0.0,,1.0,True,,647,183882638-SPOTLOAD,183882638,183882638-SPOTLOAD
61,load 42768915,926,4.81121385691192,1.5813695213832415,0.0,0.0,,1.0,True,,661,42768915-SPOTLOAD,42768915,42768915-SPOTLOAD
62,load 42778475,1233,2.95124098741815,0.9700260031167194,0.0,0.0,,1.0,True,,666,42778475-SPOTLOAD,42778475,42778475-SPOTLOAD
63,load 42852175,914,2.9014205937925834,0.9536508316182413,0.0,0.0,,1.0,True,,679,42852175-SPOTLOAD,42852175,42852175-SPOTLOAD
64,load 42767097,1407,1.9918326339421466,0.6546837269533327,0.0,0.0,,1.0,True,,696,42767097-SPOTLOAD,42767097,42767097-SPOTLOAD
65,load 42775194,832,1.51296731997251,0.49728830973002724,0.0,0.0,,1.0,True,,702,42775194-SPOTLOAD,42775194,42775194-SPOTLOAD
66,load 186592607,756,1.8193323930506002,0.5979856396327564,0.0,0.0,,1.0,True,,706,186592607-SPOTLOAD,186592607,186592607-SPOTLOAD
67,load 42857661,1305,3.0720486201417962,1.0097335517772676,0.0,0.0,,1.0,True,,719,42857661-SPOTLOAD,42857661,42857661-SPOTLOAD
68,load 42751425,670,4.104256511050788,1.349003878759251,0.0,0.0,,1.0,True,,731,42751425-SPOTLOAD,42751425,42751425-SPOTLOAD
69,load 42741062,1133,2.520295297471399,0.8283810046358836,0.0,0.0,,1.0,True,,737,42741062-SPOTLOAD,42741062,42741062-SPOTLOAD
70,load 42766166,1221,1.0142685298938376,0.33337394415923705,0.0,0.0,,1.0,True,,738,42766166-SPOTLOAD,42766166,42766166-SPOTLOAD
71,load 42762753,1565,4.199854629704781,1.3804254608458215,0.0,0.0,,1.0,True,,754,42762753-SPOTLOAD,42762753,42762753-SPOTLOAD
72,load 42782783,1704,3.601750156519813,1.1838380272735454,0.0,0.0,,1.0,True,,773,42782783-SPOTLOAD,42782783,42782783-SPOTLOAD
73,load 42717010,758,4.344717587417732,1.428039612475267,0.0,0.0,,1.0,True,,774,42717010-SPOTLOAD,42717010,42717010-SPOTLOAD
74,load 42761423,1406,2.5344002762408104,0.8330170869612744,0.0,0.0,,1.0,True,,790,42761423-SPOTLOAD,42761423,42761423-SPOTLOAD
75,load 42751379,1751,2.31282179914299,0.7601877634894822,0.0,0.0,,1.0,True,,792,42751379-SPOTLOAD,42751379,42751379-SPOTLOAD
76,load 42855133,757,4.892966259647427,1.6082402367225836,0.0,0.0,,1.0,True,,794,42855133-SPOTLOAD,42855133,42855133-SPOTLOAD
77,load 42790218,598,4.086740805006972,1.3432467445916636,0.0,0.0,,1.0,True,,798,42790218-SPOTLOAD,42790218,42790218-SPOTLOAD
78,load 42726127,1145,2.5486094008593163,0.837687400371883,0.0,0.0,,1.0,True,,807,42726127-SPOTLOAD,42726127,42726127-SPOTLOAD
79,load 42713891,1041,7.449199269268702,2.4484333961186246,0.0,0.0,,1.0,True,,813,42713891-SPOTLOAD,42713891,42713891-SPOTLOAD
80,load 42793051,1509,1.565305597544049,0.5144910696602316,0.0,0.0,,1.0,True,,817,42793051-SPOTLOAD,42793051,42793051-SPOTLOAD
81,load 42784573,1752,2.082146157321444,0.6843683465708074,0.0,0.0,,1.0,True,,818,42784573-SPOTLOAD,42784573,42784573-SPOTLOAD
82,load 42779307,805,0.9760051055757879,0.32079736477617976,0.0,0.0,,1.0,True,,821,42779307-SPOTLOAD,42779307,42779307-SPOTLOAD
83,load 42763533,1469,2.4275728203671885,0.7979046002189185,0.0,0.0,,1.0,True,,824,42763533-SPOTLOAD,42763533,42763533-SPOTLOAD
84,load 42788586,1341,3.33896806765233,1.097465731537104,0.0,0.0,,1.0,True,,826,42788586-SPOTLOAD,42788586,42788586-SPOTLOAD
85,load 42840892,1312,2.488891862395575,0.818059194678444,0.0,0.0,,1.0,True,,830,42840892-SPOTLOAD,42840892,42840892-SPOTLOAD
86,load 42734829,649,3.19548753984504,1.0503059626441742,0.0,0.0,,1.0,True,,835,42734829-SPOTLOAD,42734829,42734829-SPOTLOAD
87,load 152494061,761,8.739919220060486,2.872672528181129,0.0,0.0,,1.0,True,,842,152494061-SPOTLOAD,152494061,152494061-SPOTLOAD
88,load 148905331,1054,4.91204126442511,1.6145098875992192,0.0,0.0,,1.0,True,,850,148905331-SPOTLOAD,148905331,148905331-SPOTLOAD
89,load 106168740,1297,3.812109772488796,1.2529798894140798,0.0,0.0,,1.0,True,,858,106168740-SPOTLOAD,106168740,106168740-SPOTLOAD
90,load 148905531,1272,6.3043423012474,2.072137108026757,0.0,0.0,,1.0,True,,867,148905531-SPOTLOAD,148905531,148905531-SPOTLOAD
91,load 148908923,1714,11.220474308001807,3.6879915576079982,0.0,0.0,,1.0,True,,871,148908923-SPOTLOAD,148908923,148908923-SPOTLOAD
92,load 42834785,736,3.2275919137439923,1.0608581600514788,0.0,0.0,,1.0,True,,877,42834785-SPOTLOAD,42834785,42834785-SPOTLOAD
93,load 42763210,547,1.9594557316987848,0.6440419538110098,0.0,0.0,,1.0,True,,889,42763210-SPOTLOAD,42763210,42763210-SPOTLOAD
94,load 42774952,922,2.611480237626287,0.8583520450964812,0.0,0.0,,1.0,True,,894,42774952-SPOTLOAD,42774952,42774952-SPOTLOAD
95,load 42770669,590,4.681018958281141,1.5385765276279313,0.0,0.0,,1.0,True,,897,42770669-SPOTLOAD,42770669,42770669-SPOTLOAD
96,load 42758372,755,8.164953986685688,2.6836905949403773,0.0,0.0,,1.0,True,,899,42758372-SPOTLOAD,42758372,42758372-SPOTLOAD
97,load 42769411,960,2.325417709134492,0.7643278388939524,0.0,0.0,,1.0,True,,924,42769411-SPOTLOAD,42769411,42769411-SPOTLOAD
98,load 42739647,1693,11.561568698050149,3.8001038619825676,0.0,0.0,,1.0,True,,938,42739647-SPOTLOAD,42739647,42739647-SPOTLOAD
99,load 42747287,1292,5.734324442707217,1.8847812982565049,0.0,0.0,,1.0,True,,949,42747287-SPOTLOAD,42747287,42747287-SPOTLOAD
100,load 42772045,1098,5.7534819514902695,1.8910780668883187,0.0,0.0,,1.0,True,,953,42772045-SPOTLOAD,42772045,42772045-SPOTLOAD
101,load 42778310,1394,5.3045625318633185,1.7435253891508198,0.0,0.0,,1.0,True,,969,42778310-SPOTLOAD,42778310,42778310-SPOTLOAD
102,load 42781234,1632,1.7773031872653617,0.584171307737857,0.0,0.0,,1.0,True,,970,42781234-SPOTLOAD,42781234,42781234-SPOTLOAD
103,load 42783841,1163,5.379354389876656,1.7681082840765983,0.0,0.0,,1.0,True,,972,42783841-SPOTLOAD,42783841,42783841-SPOTLOAD
104,load 42767367,1454,4.76894330517012,1.5674758629085717,0.0,0.0,,1.0,True,,978,42767367-SPOTLOAD,42767367,42767367-SPOTLOAD
105,load 42792092,814,10.516323110700188,3.4565482514122903,0.0,0.0,,1.0,True,,980,42792092-SPOTLOAD,42792092,42792092-SPOTLOAD
106,load 42780106,1150,4.830768528634015,1.5877968311602846,0.0,0.0,,1.0,True,,989,42780106-SPOTLOAD,42780106,42780106-SPOTLOAD
107,load 42778587,684,4.601897121350115,1.5125704374561493,0.0,0.0,,1.0,True,,995,42778587-SPOTLOAD,42778587,42778587-SPOTLOAD
108,load 42738222,592,4.823792037154505,1.5855037693010543,0.0,0.0,,1.0,True,,1003,42738222-SPOTLOAD,42738222,42738222-SPOTLOAD
109,load 42750515,693,8.275546996559349,2.7200407594297387,0.0,0.0,,1.0,True,,1004,42750515-SPOTLOAD,42750515,42750515-SPOTLOAD
110,load 42779602,817,2.7772985850350658,0.9128539002367735,0.0,0.0,,1.0,True,,1019,42779602-SPOTLOAD,42779602,42779602-SPOTLOAD
111,load 42717547,1372,1.4821970746967843,0.4871746191954412,0.0,0.0,,1.0,True,,1039,42717547-SPOTLOAD,42717547,42717547-SPOTLOAD
112,load 42788390,1020,5.1970638308246775,1.708192274792044,0.0,0.0,,1.0,True,,1042,42788390-SPOTLOAD,42788390,42788390-SPOTLOAD
113,load 42779258,733,2.764834758104515,0.9087572384350012,0.0,0.0,,1.0,True,,1045,42779258-SPOTLOAD,42779258,42779258-SPOTLOAD
114,load 42771645,927,2.0938941281699295,0.6882297178568092,0.0,0.0,,1.0,True,,1046,42771645-SPOTLOAD,42771645,42771645-SPOTLOAD
115,load 42773590,1000,4.079181671546954,1.34076217757443,0.0,0.0,,1.0,True,,1049,42773590-SPOTLOAD,42773590,42773590-SPOTLOAD
116,load 42763361,815,5.029043209225251,1.6529665671300402,0.0,0.0,,1.0,True,,1064,42763361-SPOTLOAD,42763361,42763361-SPOTLOAD
117,load 42784482,1528,2.027180974859177,0.6663021647572042,0.0,0.0,,1.0,True,,1070,42784482-SPOTLOAD,42784482,42784482-SPOTLOAD
118,load 42761907,1338,2.2505686797230875,0.7397261526383586,0.0,0.0,,1.0,True,,1073,42761907-SPOTLOAD,42761907,42761907-SPOTLOAD
119,load 42762171,807,6.560599079625415,2.156364637923953,0.0,0.0,,1.0,True,,1075,42762171-SPOTLOAD,42762171,42762171-SPOTLOAD
120,load 42786641,1139,4.662198747301456,1.5323906234227962,0.0,0.0,,1.0,True,,1079,42786641-SPOTLOAD,42786641,42786641-SPOTLOAD
121,load 42747286,1087,4.933882235166305,1.6216886675235265,0.0,0.0,,1.0,True,,1080,42747286-SPOTLOAD,42747286,42747286-SPOTLOAD
122,load 42781957,1512,3.8187280497424285,1.2551552119510156,0.0,0.0,,1.0,True,,1086,42781957-SPOTLOAD,42781957,42781957-SPOTLOAD
123,load 42766345,672,2.5054697073209953,0.8235080688035497,0.0,0.0,,1.0,True,,1094,42766345-SPOTLOAD,42766345,42766345-SPOTLOAD
124,load 42752486,1350,3.250302079799271,1.0683226306598215,0.0,0.0,,1.0,True,,1101,42752486-SPOTLOAD,42752486,42752486-SPOTLOAD
125,load 42794418,631,1.0055319211259164,0.3305023597240551,0.0,0.0,,1.0,True,,1114,42794418-SPOTLOAD,42794418,42794418-SPOTLOAD
126,load 42789463,599,0.6729913959196113,0.2212015747609115,0.0,0.0,,1.0,True,,1125,42789463-SPOTLOAD,42789463,42789463-SPOTLOAD
127,load 42732166,1280,3.1384247190450667,1.031550320450553,0.0,0.0,,1.0,True,,1138,42732166-SPOTLOAD,42732166,42732166-SPOTLOAD
128,load 42792009,921,8.67094298430517,2.850001135853287,0.0,0.0,,1.0,True,,1145,42792009-SPOTLOAD,42792009,42792009-SPOTLOAD
129,load 42786516,1278,1.468963451745225,0.4828249376773335,0.0,0.0,,1.0,True,,1158,42786516-SPOTLOAD,42786516,42786516-SPOTLOAD
130,load 42722926,915,2.334907139517769,0.7674468638281371,0.0,0.0,,1.0,True,,1163,42722926-SPOTLOAD,42722926,42722926-SPOTLOAD
131,load 42842926,1102,3.9619847727693616,1.3022414197699792,0.0,0.0,,1.0,True,,1166,42842926-SPOTLOAD,42842926,42842926-SPOTLOAD
132,load 42768607,1501,0.119046197122959,0.03912859277630634,0.0,0.0,,1.0,True,,1178,42768607-SPOTLOAD,42768607,42768607-SPOTLOAD
133,load 42769846,1446,3.2344542549076896,1.0631137025163007,0.0,0.0,,1.0,True,,1181,42769846-SPOTLOAD,42769846,42769846-SPOTLOAD
134,load 42791798,1732,5.825807896469827,1.9148504553951404,0.0,0.0,,1.0,True,,1203,42791798-SPOTLOAD,42791798,42791798-SPOTLOAD
135,load 42767822,1683,2.197445727899261,0.7222654827536843,0.0,0.0,,1.0,True,,1211,42767822-SPOTLOAD,42767822,42767822-SPOTLOAD
136,load 42789777,1614,1.8739556950281135,0.6159394507651501,0.0,0.0,,1.0,True,,1216,42789777-SPOTLOAD,42789777,42789777-SPOTLOAD
137,load 42974549,118,5.949987394072133,1.9556662824461155,0.0,0.0,,1.0,True,,1261,42974549-SPOTLOAD,42974549,42974549-SPOTLOAD
138,load 42903234,474,5.741325720333186,1.8870825069281054,0.0,0.0,,1.0,True,,1273,42903234-SPOTLOAD,42903234,42903234-SPOTLOAD
139,load 42933417,429,1.9125937519450897,0.6286391659287565,0.0,0.0,,1.0,True,,1289,42933417-SPOTLOAD,42933417,42933417-SPOTLOAD
140,load 42767560,561,2.8742759461855583,0.9447288174091305,0.0,0.0,,1.0,True,,1315,42767560-SPOTLOAD,42767560,42767560-SPOTLOAD
141,load 42768356,1324,3.505985456048006,1.1523616923912474,0.0,0.0,,1.0,True,,1334,42768356-SPOTLOAD,42768356,42768356-SPOTLOAD
142,load 42831040,698,2.175033937789885,0.7148990835761275,0.0,0.0,,1.0,True,,1347,42831040-SPOTLOAD,42831040,42831040-SPOTLOAD
143,load 42774117,619,9.798768552506019,3.2206994735352255,0.0,0.0,,1.0,True,,1348,42774117-SPOTLOAD,42774117,42774117-SPOTLOAD
144,load 42783766,1154,5.104386987925994,1.6777308696130884,0.0,0.0,,1.0,True,,1349,42783766-SPOTLOAD,42783766,42783766-SPOTLOAD
145,load 42763524,1386,7.334187073903443,2.410630715600338,0.0,0.0,,1.0,True,,1350,42763524-SPOTLOAD,42763524,42763524-SPOTLOAD
146,load 42763985,582,6.558095694229323,2.15554181493512,0.0,0.0,,1.0,True,,1351,42763985-SPOTLOAD,42763985,42763985-SPOTLOAD
147,load 42761819,1518,2.727995319437615,0.8966487005014795,0.0,0.0,,1.0,True,,1368,42761819-SPOTLOAD,42761819,42761819-SPOTLOAD
148,load 42768601,1042,0.9907995698688815,0.3256600700339558,0.0,0.0,,1.0,True,,1373,42768601-SPOTLOAD,42768601,42768601-SPOTLOAD
149,load 42777550,1173,3.5875726198626987,1.179178096323761,0.0,0.0,,1.0,True,,1385,42777550-SPOTLOAD,42777550,42777550-SPOTLOAD
150,load 42773267,559,2.0541685426471403,0.6751725493265449,0.0,0.0,,1.0,True,,1387,42773267-SPOTLOAD,42773267,42773267-SPOTLOAD
151,load 42778702,837,0.3100937393471227,0.10192288323887667,0.0,0.0,,1.0,True,,1389,42778702-SPOTLOAD,42778702,42778702-SPOTLOAD
152,load 42784705,663,4.626329362752195,1.5206009268589056,0.0,0.0,,1.0,True,,1391,42784705-SPOTLOAD,42784705,42784705-SPOTLOAD
153,load 42766948,1549,7.751809690220391,2.5478966315469296,0.0,0.0,,1.0,True,,1402,42766948-SPOTLOAD,42766948,42766948-SPOTLOAD
154,load 42764009,1544,1.0209018830168812,0.33555422189482004,0.0,0.0,,1.0,True,,1404,42764009-SPOTLOAD,42764009,42764009-SPOTLOAD
155,load 42756654,764,2.5545110784759735,0.8396271879983682,0.0,0.0,,1.0,True,,1405,42756654-SPOTLOAD,42756654,42756654-SPOTLOAD
156,load 42767672,1462,3.573069183769445,1.1744110474094311,0.0,0.0,,1.0,True,,1414,42767672-SPOTLOAD,42767672,42767672-SPOTLOAD
157,load 42774021,1464,1.7164699677419832,0.564176395413666,0.0,0.0,,1.0,True,,1421,42774021-SPOTLOAD,42774021,42774021-SPOTLOAD
158,load 42778658,673,4.947170959337405,1.6260564599366734,0.0,0.0,,1.0,True,,1423,42778658-SPOTLOAD,42778658,42778658-SPOTLOAD
159,load 42769804,627,9.360374185670388,3.0766062133564014,0.0,0.0,,1.0,True,,1430,42769804-SPOTLOAD,42769804,42769804-SPOTLOAD
160,load 42786672,1664,5.619675848177166,1.8470981275533809,0.0,0.0,,1.0,True,,1436,42786672-SPOTLOAD,42786672,42786672-SPOTLOAD
161,load 42767821,1151,1.7652438414172082,0.5802075924387142,0.0,0.0,,1.0,True,,1437,42767821-SPOTLOAD,42767821,42767821-SPOTLOAD
162,load 42746222,1420,2.2438672246569458,0.7375234908765474,0.0,0.0,,1.0,True,,1441,42746222-SPOTLOAD,42746222,42746222-SPOTLOAD
163,load 42778968,923,8.919626603095965,2.9317394885681805,0.0,0.0,,1.0,True,,1442,42778968-SPOTLOAD,42778968,42778968-SPOTLOAD
164,load 42777449,760,7.549067602177079,2.4812585297563197,0.0,0.0,,1.0,True,,1444,42777449-SPOTLOAD,42777449,42777449-SPOTLOAD
165,load 42784322,1650,6.3588692447461455,2.0900592476587803,0.0,0.0,,1.0,True,,1477,42784322-SPOTLOAD,42784322,42784322-SPOTLOAD
166,load 42767036,1201,1.1490043802621017,0.37765947657304316,0.0,0.0,,1.0,True,,1487,42767036-SPOTLOAD,42767036,42767036-SPOTLOAD
167,load 42763627,1234,3.03800670827384,0.9985445164363708,0.0,0.0,,1.0,True,,1526,42763627-SPOTLOAD,42763627,42763627-SPOTLOAD
168,load 42771143,750,1.0946874441383905,0.3598063630271637,0.0,0.0,,1.0,True,,1530,42771143-SPOTLOAD,42771143,42771143-SPOTLOAD
169,load 42763336,1077,5.532376908192432,1.8184043535814354,0.0,0.0,,1.0,True,,1535,42763336-SPOTLOAD,42763336,42763336-SPOTLOAD
170,load 42778811,1792,0.5603716164121755,0.1841852433080691,0.0,0.0,,1.0,True,,1538,42778811-SPOTLOAD,42778811,42778811-SPOTLOAD
171,load 42767841,1155,7.373952145298635,2.4237008625092407,0.0,0.0,,1.0,True,,1541,42767841-SPOTLOAD,42767841,42767841-SPOTLOAD
172,load 42790131,1439,8.586377491669975,2.8222058025774777,0.0,0.0,,1.0,True,,1544,42790131-SPOTLOAD,42790131,42790131-SPOTLOAD
173,load 42787845,1001,1.6351955110649807,0.5374627733468872,0.0,0.0,,1.0,True,,1548,42787845-SPOTLOAD,42787845,42787845-SPOTLOAD
174,load 42771241,1304,3.5281501208181547,1.1596468653978134,0.0,0.0,,1.0,True,,1550,42771241-SPOTLOAD,42771241,42771241-SPOTLOAD
175,load 42787006,1346,3.4069115318752083,1.119797668277953,0.0,0.0,,1.0,True,,1551,42787006-SPOTLOAD,42787006,42787006-SPOTLOAD
176,load 42782002,1555,1.0130952476594008,0.332988304937889,0.0,0.0,,1.0,True,,1559,42782002-SPOTLOAD,42782002,42782002-SPOTLOAD
177,load 42785167,1495,4.452438799831902,1.4634458627864002,0.0,0.0,,1.0,True,,1562,42785167-SPOTLOAD,42785167,42785167-SPOTLOAD
178,load 42772678,1722,6.94975307472115,2.284273370578774,0.0,0.0,,1.0,True,,1596,42772678-SPOTLOAD,42772678,42772678-SPOTLOAD
179,load 42763395,1748,4.353234855849263,1.4308391032282526,0.0,0.0,,1.0,True,,1599,42763395-SPOTLOAD,42763395,42763395-SPOTLOAD
180,load 42774203,1048,0.8339837961958552,0.27411721778630604,0.0,0.0,,1.0,True,,1603,42774203-SPOTLOAD,42774203,42774203-SPOTLOAD
181,load 42774753,944,5.7248169724018325,1.8816563438866651,0.0,0.0,,1.0,True,,1608,42774753-SPOTLOAD,42774753,42774753-SPOTLOAD
182,load 42784295,774,5.250343756441185,1.7257045394673023,0.0,0.0,,1.0,True,,1620,42784295-SPOTLOAD,42784295,42784295-SPOTLOAD
183,load 42772783,824,1.2887591167607086,0.4235946370835956,0.0,0.0,,1.0,True,,1625,42772783-SPOTLOAD,42772783,42772783-SPOTLOAD
184,load 42750394,551,3.0067306430347203,0.988264570919735,0.0,0.0,,1.0,True,,1633,42750394-SPOTLOAD,42750394,42750394-SPOTLOAD
185,load 42734326,1391,5.784786308353863,1.901367311412229,0.0,0.0,,1.0,True,,1635,42734326-SPOTLOAD,42734326,42734326-SPOTLOAD
186,load 42773625,1005,2.6643269251792634,0.8757219113064982,0.0,0.0,,1.0,True,,1744,42773625-SPOTLOAD,42773625,42773625-SPOTLOAD
187,load 42782751,950,1.318694062334878,0.4334337778832194,0.0,0.0,,1.0,True,,1760,42782751-SPOTLOAD,42782751,42782751-SPOTLOAD
188,load 42825438,851,0.8373406946379077,0.2752205769469085,0.0,0.0,,1.0,True,,1763,42825438-SPOTLOAD,42825438,42825438-SPOTLOAD
189,load 42825446,686,1.0425720698245764,0.34267686785476614,0.0,0.0,,1.0,True,,1764,42825446-SPOTLOAD,42825446,42825446-SPOTLOAD
190,load 42813639,1447,6.544627776504292,2.1511151244490465,0.0,0.0,,1.0,True,,1770,42813639-SPOTLOAD,42813639,42813639-SPOTLOAD
191,load 42775766,1607,5.678993556166164,1.8665949153250059,0.0,0.0,,1.0,True,,1787,42775766-SPOTLOAD,42775766,42775766-SPOTLOAD
192,load 42764138,1279,0.730570776726913,0.24012700201831244,0.0,0.0,,1.0,True,,1789,42764138-SPOTLOAD,42764138,42764138-SPOTLOAD
193,load 42827556,747,1.2355583221503823,0.40610838151229606,0.0,0.0,,1.0,True,,1790,42827556-SPOTLOAD,42827556,42827556-SPOTLOAD
194,load 42825437,966,0.7147793473520935,0.2349366101847547,0.0,0.0,,1.0,True,,1805,42825437-SPOTLOAD,42825437,42825437-SPOTLOAD
195,load 42825439,1119,7.80309809527051,2.5647543150668795,0.0,0.0,,1.0,True,,1806,42825439-SPOTLOAD,42825439,42825439-SPOTLOAD
196,load 42785447,1418,0.8357024336607878,0.2746821066035943,0.0,0.0,,1.0,True,,1811,42785447-SPOTLOAD,42785447,42785447-SPOTLOAD
197,load 42791070,1205,9.782029918642612,3.215197750641915,0.0,0.0,,1.0,True,,1814,42791070-SPOTLOAD,42791070,42791070-SPOTLOAD
198,load 42775958,677,0.7700184191074867,0.2530928150555871,0.0,0.0,,1.0,True,,1821,42775958-SPOTLOAD,42775958,42775958-SPOTLOAD
199,load 42782047,1473,4.134868772161636,1.3590656424099723,0.0,0.0,,1.0,True,,1824,42782047-SPOTLOAD,42782047,42782047-SPOTLOAD
200,load 42788149,525,2.3307544130532083,0.7660819286460803,0.0,0.0,,1.0,True,,1830,42788149-SPOTLOAD,42788149,42788149-SPOTLOAD
201,load 42772127,520,5.560786569317141,1.8277421576266453,0.0,0.0,,1.0,True,,1840,42772127-SPOTLOAD,42772127,42772127-SPOTLOAD
202,load 42785967,1672,9.03158283973603,2.968537724027414,0.0,0.0,,1.0,True,,1845,42785967-SPOTLOAD,42785967,42785967-SPOTLOAD
203,load 42792688,573,2.7067599885217275,0.889668984761214,0.0,0.0,,1.0,True,,1848,42792688-SPOTLOAD,42792688,42792688-SPOTLOAD
204,load 42709993,1476,0.4677171585281585,0.15373119572762828,0.0,0.0,,1.0,True,,1851,42709993-SPOTLOAD,42709993,42709993-SPOTLOAD
205,load 42766744,1642,2.0842615861068605,0.6850636543882116,0.0,0.0,,1.0,True,,1856,42766744-SPOTLOAD,42766744,42766744-SPOTLOAD
206,load 42777384,977,0.2811905282564438,0.09242285716474109,0.0,0.0,,1.0,True,,1860,42777384-SPOTLOAD,42777384,42777384-SPOTLOAD
207,load 42775041,1424,3.4896067210947708,1.1469782625491816,0.0,0.0,,1.0,True,,1863,42775041-SPOTLOAD,42775041,42775041-SPOTLOAD
208,load 42739337,1750,2.9528273343593407,0.9705474101415879,0.0,0.0,,1.0,True,,1873,42739337-SPOTLOAD,42739337,42739337-SPOTLOAD
209,load 42932775,305,1.068649274368452,0.3512480304958361,0.0,0.0,,1.0,True,,1919,42932775-SPOTLOAD,42932775,42932775-SPOTLOAD
210,load 42788358,1647,1.0144609567988332,0.3334371918243179,0.0,0.0,,1.0,True,,1960,42788358-SPOTLOAD,42788358,42788358-SPOTLOAD
211,load 42779763,1070,1.4564752312794114,0.4787202581082512,0.0,0.0,,1.0,True,,1961,42779763-SPOTLOAD,42779763,42779763-SPOTLOAD
212,load 42785589,1546,1.4066363995465023,0.46233902629696,0.0,0.0,,1.0,True,,1973,42785589-SPOTLOAD,42785589,42785589-SPOTLOAD
213,load 42778481,1525,7.095451786336114,2.3321622212316524,0.0,0.0,,1.0,True,,1984,42778481-SPOTLOAD,42778481,42778481-SPOTLOAD
214,load 42789747,1613,6.401473194808507,2.104062488862113,0.0,0.0,,1.0,True,,2003,42789747-SPOTLOAD,42789747,42789747-SPOTLOAD
215,load 42751378,1521,1.85745041073493,0.6105144261665223,0.0,0.0,,1.0,True,,2011,42751378-SPOTLOAD,42751378,42751378-SPOTLOAD
216,load 42792621,1503,4.81796591164313,1.5835888144506882,0.0,0.0,,1.0,True,,2022,42792621-SPOTLOAD,42792621,42792621-SPOTLOAD
217,load 42773091,1322,2.049590466099303,0.6736678083329786,0.0,0.0,,1.0,True,,2027,42773091-SPOTLOAD,42773091,42773091-SPOTLOAD
218,load 42776480,1213,1.0677963697904445,0.3509676943178108,0.0,0.0,,1.0,True,,2037,42776480-SPOTLOAD,42776480,42776480-SPOTLOAD
219,load 42781105,1801,2.532220466844789,0.8323006182604827,0.0,0.0,,1.0,True,,2040,42781105-SPOTLOAD,42781105,42781105-SPOTLOAD
220,load 42793588,1765,8.095454863667197,2.660847337880328,0.0,0.0,,1.0,True,,2046,42793588-SPOTLOAD,42793588,42793588-SPOTLOAD
221,load 42782893,655,6.859073941068701,2.254468580675825,0.0,0.0,,1.0,True,,2050,42782893-SPOTLOAD,42782893,42782893-SPOTLOAD
222,load 42779173,1111,4.99618908723248,1.642167939441409,0.0,0.0,,1.0,True,,2067,42779173-SPOTLOAD,42779173,42779173-SPOTLOAD
223,load 42766495,523,2.259048021561576,0.7425131775230479,0.0,0.0,,1.0,True,,2076,42766495-SPOTLOAD,42766495,42766495-SPOTLOAD
224,load 42787880,1065,3.8617638630802116,1.2693003997485894,0.0,0.0,,1.0,True,,2083,42787880-SPOTLOAD,42787880,42787880-SPOTLOAD
225,load 42770492,1749,7.872630543147983,2.5876085254783825,0.0,0.0,,1.0,True,,2087,42770492-SPOTLOAD,42770492,42770492-SPOTLOAD
226,load 42782142,1531,2.889713129856691,0.9498027743105587,0.0,0.0,,1.0,True,,2098,42782142-SPOTLOAD,42782142,42782142-SPOTLOAD
227,load 42738066,1550,2.956957462476068,0.9719049176059084,0.0,0.0,,1.0,True,,2101,42738066-SPOTLOAD,42738066,42738066-SPOTLOAD
228,load 42776201,1594,1.0870004557568889,0.3572797721294695,0.0,0.0,,1.0,True,,2126,42776201-SPOTLOAD,42776201,42776201-SPOTLOAD
229,load 42749197,1303,1.260747004075717,0.4143875008915596,0.0,0.0,,1.0,True,,2132,42749197-SPOTLOAD,42749197,42749197-SPOTLOAD
230,load 42782966,1384,5.625448999243888,1.848995670545809,0.0,0.0,,1.0,True,,2135,42782966-SPOTLOAD,42782966,42782966-SPOTLOAD
231,load 42762633,1583,5.871071932137814,1.9297280244554567,0.0,0.0,,1.0,True,,2158,42762633-SPOTLOAD,42762633,42762633-SPOTLOAD
232,load 42769631,1004,6.403759298164688,2.1048138946980854,0.0,0.0,,1.0,True,,2161,42769631-SPOTLOAD,42769631,42769631-SPOTLOAD
233,load 42762739,1380,2.761514736224645,0.9076660000142418,0.0,0.0,,1.0,True,,2167,42762739-SPOTLOAD,42762739,42762739-SPOTLOAD
234,load 42793374,1002,4.760562835458427,1.5647213357204048,0.0,0.0,,1.0,True,,2171,42793374-SPOTLOAD,42793374,42793374-SPOTLOAD
235,load 42784876,1496,1.0579157188925843,0.34772008141886285,0.0,0.0,,1.0,True,,2186,42784876-SPOTLOAD,42784876,42784876-SPOTLOAD
236,load 42784210,880,7.3271871727535025,2.4083299593545293,0.0,0.0,,1.0,True,,2190,42784210-SPOTLOAD,42784210,42784210-SPOTLOAD
237,load 42793910,1414,1.042893246441339,0.3427824335036512,0.0,0.0,,1.0,True,,2191,42793910-SPOTLOAD,42793910,42793910-SPOTLOAD
238,load 42788694,583,7.844397879278528,2.5783288976176353,0.0,0.0,,1.0,True,,2196,42788694-SPOTLOAD,42788694,42788694-SPOTLOAD
239,load 42765005,506,0.5864070056546102,0.19274266192420214,0.0,0.0,,1.0,True,,2199,42765005-SPOTLOAD,42765005,42765005-SPOTLOAD
240,load 42793868,808,5.332523626612373,1.7527157565582343,0.0,0.0,,1.0,True,,2206,42793868-SPOTLOAD,42793868,42793868-SPOTLOAD
241,load 42786863,854,5.029954674391461,1.6532661512425975,0.0,0.0,,1.0,True,,2207,42786863-SPOTLOAD,42786863,42786863-SPOTLOAD
242,load 42783436,1131,3.6079154533007576,1.1858644623291523,0.0,0.0,,1.0,True,,2215,42783436-SPOTLOAD,42783436,42783436-SPOTLOAD
243,load 42766781,930,-0.7237790236950821,-0.23789466075044927,0.0,0.0,,1.0,True,,2222,42766781-SPOTLOAD,42766781,42766781-SPOTLOAD
244,load 42779978,861,3.6892087590885567,1.2125842797990465,0.0,0.0,,1.0,True,,2241,42779978-SPOTLOAD,42779978,42779978-SPOTLOAD
245,load 42769097,1494,1.8560317474909667,0.6100481341076301,0.0,0.0,,1.0,True,,2253,42769097-SPOTLOAD,42769097,42769097-SPOTLOAD
246,load 42772406,1537,0.9141218304500058,0.30045731586592467,0.0,0.0,,1.0,True,,2286,42772406-SPOTLOAD,42772406,42772406-SPOTLOAD
247,load 42776742,746,5.777370576556647,1.8989298782422148,0.0,0.0,,1.0,True,,2288,42776742-SPOTLOAD,42776742,42776742-SPOTLOAD
248,load 42770215,1051,3.080256050970568,1.01243120383504,0.0,0.0,,1.0,True,,2297,42770215-SPOTLOAD,42770215,42770215-SPOTLOAD
249,load 42770604,679,2.7831566691529335,0.9147793593731174,0.0,0.0,,1.0,True,,2300,42770604-SPOTLOAD,42770604,42770604-SPOTLOAD
250,load 42785339,1684,4.520263793859205,1.4857388602570263,0.0,0.0,,1.0,True,,2314,42785339-SPOTLOAD,42785339,42785339-SPOTLOAD
251,load 42767368,1361,1.743509983973781,0.5730640189528363,0.0,0.0,,1.0,True,,2317,42767368-SPOTLOAD,42767368,42767368-SPOTLOAD
252,load 42767759,1516,5.340248415386407,1.7552547718441234,0.0,0.0,,1.0,True,,2319,42767759-SPOTLOAD,42767759,42767759-SPOTLOAD
253,load 42788753,664,6.117760242898687,2.0108105511359793,0.0,0.0,,1.0,True,,2338,42788753-SPOTLOAD,42788753,42788753-SPOTLOAD
254,load 42785220,843,1.158364952312971,0.38073614782154547,0.0,0.0,,1.0,True,,2340,42785220-SPOTLOAD,42785220,42785220-SPOTLOAD
255,load 42764852,1644,6.774755237836787,2.2267543631542006,0.0,0.0,,1.0,True,,2356,42764852-SPOTLOAD,42764852,42764852-SPOTLOAD
256,load 42762877,1490,4.929250138847026,1.6201661710897222,0.0,0.0,,1.0,True,,2358,42762877-SPOTLOAD,42762877,42762877-SPOTLOAD
257,load 42792403,995,2.6158295919122967,0.8597816087180842,0.0,0.0,,1.0,True,,2359,42792403-SPOTLOAD,42792403,42792403-SPOTLOAD
258,load 42788357,1723,3.2359240972587404,1.0635968163342098,0.0,0.0,,1.0,True,,2364,42788357-SPOTLOAD,42788357,42788357-SPOTLOAD
259,load 42779885,1432,3.7547586973299767,1.2341295025944576,0.0,0.0,,1.0,True,,2368,42779885-SPOTLOAD,42779885,42779885-SPOTLOAD
260,load 42729791,586,2.490884246886518,0.8187140597920217,0.0,0.0,,1.0,True,,2381,42729791-SPOTLOAD,42729791,42729791-SPOTLOAD
261,load 42789700,891,3.171454657373615,1.0424067361741847,0.0,0.0,,1.0,True,,2382,42789700-SPOTLOAD,42789700,42789700-SPOTLOAD
262,load 42772587,1731,0.7069864237432636,0.2323752000616592,0.0,0.0,,1.0,True,,2398,42772587-SPOTLOAD,42772587,42772587-SPOTLOAD
263,load 42790485,1078,5.1055451259022036,1.6781115311574724,0.0,0.0,,1.0,True,,2402,42790485-SPOTLOAD,42790485,42790485-SPOTLOAD
264,load 42781803,527,0.448033371368379,0.14726144775848496,0.0,0.0,,1.0,True,,2406,42781803-SPOTLOAD,42781803,42781803-SPOTLOAD
265,load 42791430,1124,3.5313797972014163,1.160708408689863,0.0,0.0,,1.0,True,,2411,42791430-SPOTLOAD,42791430,42791430-SPOTLOAD
266,load 42770999,798,0.8166881452364466,0.26843241222722697,0.0,0.0,,1.0,True,,2416,42770999-SPOTLOAD,42770999,42770999-SPOTLOAD
267,load 42787286,1374,2.142438032312319,0.7041853275517389,0.0,0.0,,1.0,True,,2424,42787286-SPOTLOAD,42787286,42787286-SPOTLOAD
268,load 42781116,1112,7.5262779453035975,2.473767931779526,0.0,0.0,,1.0,True,,2428,42781116-SPOTLOAD,42781116,42781116-SPOTLOAD
269,load 42778230,1426,0.6289178529471822,0.20671530172695646,0.0,0.0,,1.0,True,,2436,42778230-SPOTLOAD,42778230,42778230-SPOTLOAD
270,load 42789690,904,7.984211096819423,2.624283279917242,0.0,0.0,,1.0,True,,2437,42789690-SPOTLOAD,42789690,42789690-SPOTLOAD
271,load 42776004,1008,2.7553011617712073,0.9056236968550514,0.0,0.0,,1.0,True,,2438,42776004-SPOTLOAD,42776004,42776004-SPOTLOAD
272,load 42768701,1017,4.479632951478015,1.4723841481863014,0.0,0.0,,1.0,True,,2439,42768701-SPOTLOAD,42768701,42768701-SPOTLOAD
273,load 42775097,578,3.2175177195652465,1.0575469325524396,0.0,0.0,,1.0,True,,2449,42775097-SPOTLOAD,42775097,42775097-SPOTLOAD
274,load 173092844,725,0.5457755903307353,0.17938776153632358,0.0,0.0,,1.0,True,,2453,173092844-SPOTLOAD,173092844,173092844-SPOTLOAD
275,load 42779853,1286,5.562095620738943,1.8281724220218534,0.0,0.0,,1.0,True,,2473,42779853-SPOTLOAD,42779853,42779853-SPOTLOAD
276,load 42786810,1115,4.162064816485453,1.3680045499029507,0.0,0.0,,1.0,True,,2483,42786810-SPOTLOAD,42786810,42786810-SPOTLOAD
277,load 42725702,1047,4.444910618303999,1.4609714691772777,0.0,0.0,,1.0,True,,2486,42725702-SPOTLOAD,42725702,42725702-SPOTLOAD
278,load 42763947,1425,10.15932488252344,3.339208608233577,0.0,0.0,,1.0,True,,2493,42763947-SPOTLOAD,42763947,42763947-SPOTLOAD
279,load 42783263,1788,6.828648759345529,2.2444683070462395,0.0,0.0,,1.0,True,,2496,42783263-SPOTLOAD,42783263,42783263-SPOTLOAD
280,load 42773687,1759,3.29167773267445,1.081922150101291,0.0,0.0,,1.0,True,,2508,42773687-SPOTLOAD,42773687,42773687-SPOTLOAD
281,load 42759255,1172,2.90642529918731,0.9552957987325909,0.0,0.0,,1.0,True,,2521,42759255-SPOTLOAD,42759255,42759255-SPOTLOAD
282,load 42764177,1364,0.4837678016269771,0.15900678699210877,0.0,0.0,,1.0,True,,2529,42764177-SPOTLOAD,42764177,42764177-SPOTLOAD
283,load 42717213,530,4.913274715837643,1.614915303473029,0.0,0.0,,1.0,True,,2535,42717213-SPOTLOAD,42717213,42717213-SPOTLOAD
284,load 42765749,1431,1.602151895027889,0.5266018619778616,0.0,0.0,,1.0,True,,2539,42765749-SPOTLOAD,42765749,42765749-SPOTLOAD
285,load 42729041,683,3.1509331384911246,1.0356616391033824,0.0,0.0,,1.0,True,,2541,42729041-SPOTLOAD,42729041,42729041-SPOTLOAD
286,load 42783811,1152,4.372117657561089,1.4370455800121742,0.0,0.0,,1.0,True,,2544,42783811-SPOTLOAD,42783811,42783811-SPOTLOAD
287,load 42788037,1706,3.530069900356291,1.1602778664174465,0.0,0.0,,1.0,True,,2550,42788037-SPOTLOAD,42788037,42788037-SPOTLOAD
288,load 42793708,513,3.1038856695382724,1.0201978838696837,0.0,0.0,,1.0,True,,2556,42793708-SPOTLOAD,42793708,42793708-SPOTLOAD
289,load 42790132,712,8.926550472251785,2.9340152543060367,0.0,0.0,,1.0,True,,2559,42790132-SPOTLOAD,42790132,42790132-SPOTLOAD
290,load 42780239,1597,4.860578975429425,1.5975950511902164,0.0,0.0,,1.0,True,,2570,42780239-SPOTLOAD,42780239,42780239-SPOTLOAD
291,load 42720555,1269,5.171503753995352,1.6997910838110941,0.0,0.0,,1.0,True,,2573,42720555-SPOTLOAD,42720555,42720555-SPOTLOAD
292,load 42862574,1448,3.6390352026490755,1.1960930292970946,0.0,0.0,,1.0,True,,2575,42862574-SPOTLOAD,42862574,42862574-SPOTLOAD
293,load 42773123,846,0.779593675232687,0.25624004954695706,0.0,0.0,,1.0,True,,2580,42773123-SPOTLOAD,42773123,42773123-SPOTLOAD
294,load 42777123,1023,6.759373800827654,2.221698729294489,0.0,0.0,,1.0,True,,2581,42777123-SPOTLOAD,42777123,42777123-SPOTLOAD
295,load 42781655,1779,7.396963432968009,2.431264307005862,0.0,0.0,,1.0,True,,2584,42781655-SPOTLOAD,42781655,42781655-SPOTLOAD
296,load 42767823,625,2.5959529080153576,0.8532484586574955,0.0,0.0,,1.0,True,,2595,42767823-SPOTLOAD,42767823,42767823-SPOTLOAD
297,load 42769825,902,3.574723534951844,1.1749548063474695,0.0,0.0,,1.0,True,,2598,42769825-SPOTLOAD,42769825,42769825-SPOTLOAD
298,load 42764081,906,1.8273505342945042,0.6006210752127067,0.0,0.0,,1.0,True,,2619,42764081-SPOTLOAD,42764081,42764081-SPOTLOAD
299,load 42787119,1713,0.9206712048290565,0.3026099911231843,0.0,0.0,,1.0,True,,2623,42787119-SPOTLOAD,42787119,42787119-SPOTLOAD
300,load 42787030,876,2.8096679740675485,0.9234932039061016,0.0,0.0,,1.0,True,,2626,42787030-SPOTLOAD,42787030,42787030-SPOTLOAD
301,load 42778749,939,1.7442364829859092,0.573302807630551,0.0,0.0,,1.0,True,,2634,42778749-SPOTLOAD,42778749,42778749-SPOTLOAD
302,load 42793792,690,3.755352112570252,1.2343245487517067,0.0,0.0,,1.0,True,,2660,42793792-SPOTLOAD,42793792,42793792-SPOTLOAD
303,load 42797007,873,5.592528381188624,1.8381751866583795,0.0,0.0,,1.0,True,,2662,42797007-SPOTLOAD,42797007,42797007-SPOTLOAD
304,load 42784625,697,2.592646122357823,0.8521615707726305,0.0,0.0,,1.0,True,,2669,42784625-SPOTLOAD,42784625,42784625-SPOTLOAD
305,load 42773689,620,4.256000957391796,1.3988798663207076,0.0,0.0,,1.0,True,,2690,42773689-SPOTLOAD,42773689,42773689-SPOTLOAD
306,load 42789901,1342,1.6472607704345745,0.5414284323265329,0.0,0.0,,1.0,True,,2704,42789901-SPOTLOAD,42789901,42789901-SPOTLOAD
307,load 42785994,587,2.496873350439456,0.8206825829341428,0.0,0.0,,1.0,True,,2711,42785994-SPOTLOAD,42785994,42785994-SPOTLOAD
308,load 42784779,1640,1.9664759977593875,0.6463494036792565,0.0,0.0,,1.0,True,,2712,42784779-SPOTLOAD,42784779,42784779-SPOTLOAD
309,load 42772185,1058,0.4117179887439078,0.13532515871633263,0.0,0.0,,1.0,True,,2713,42772185-SPOTLOAD,42772185,42772185-SPOTLOAD
310,load 42769673,1775,7.281408922374675,2.3932833760921106,0.0,0.0,,1.0,True,,2738,42769673-SPOTLOAD,42769673,42769673-SPOTLOAD
311,load 42787405,685,5.327740174956796,1.7511435120311547,0.0,0.0,,1.0,True,,2746,42787405-SPOTLOAD,42787405,42787405-SPOTLOAD
312,load 42788175,913,27.610684645792684,9.075193176178145,0.0,0.0,,1.0,True,,2749,42788175-SPOTLOAD,42788175,42788175-SPOTLOAD
313,load 42784735,665,18.004178465414217,5.91768728838523,0.0,0.0,,1.0,True,,2753,42784735-SPOTLOAD,42784735,42784735-SPOTLOAD
314,load 42775765,1075,24.90043785278223,8.184378134203621,0.0,0.0,,1.0,True,,2756,42775765-SPOTLOAD,42775765,42775765-SPOTLOAD
315,load 42787310,899,18.929793715505237,6.221922308601308,0.0,0.0,,1.0,True,,2758,42787310-SPOTLOAD,42787310,42787310-SPOTLOAD
316,load 42780705,1793,26.730641227961968,8.785936892869909,0.0,0.0,,1.0,True,,2772,42780705-SPOTLOAD,42780705,42780705-SPOTLOAD
317,load 42772656,1586,15.154783802887213,4.981136553431113,0.0,0.0,,1.0,True,,2776,42772656-SPOTLOAD,42772656,42772656-SPOTLOAD
318,load 42762511,699,20.30649137733705,6.6744209476823295,0.0,0.0,,1.0,True,,2785,42762511-SPOTLOAD,42762511,42762511-SPOTLOAD
319,load 42767899,1740,13.473105961515252,4.428395776940648,0.0,0.0,,1.0,True,,2787,42767899-SPOTLOAD,42767899,42767899-SPOTLOAD
320,load 42774391,1471,27.091637765992555,8.90459071694516,0.0,0.0,,1.0,True,,2799,42774391-SPOTLOAD,42774391,42774391-SPOTLOAD
321,load 42864151,916,32.21472936497961,10.58846949490757,0.0,0.0,,1.0,True,,2800,42864151-SPOTLOAD,42864151,42864151-SPOTLOAD
322,load 42754631,1257,16.636469160217423,5.468142979261819,0.0,0.0,,1.0,True,,2809,42754631-SPOTLOAD,42754631,42754631-SPOTLOAD
323,load 42788353,763,38.58657784490263,12.682794810866367,0.0,0.0,,1.0,True,,2814,42788353-SPOTLOAD,42788353,42788353-SPOTLOAD
324,load 42778620,1328,22.579784088130946,7.421616128139253,0.0,0.0,,1.0,True,,2831,42778620-SPOTLOAD,42778620,42778620-SPOTLOAD
325,load 42780334,1653,6.992381285336764,2.2982845858403436,0.0,0.0,,1.0,True,,2840,42780334-SPOTLOAD,42780334,42780334-SPOTLOAD
326,load 42770440,997,24.501378961729156,8.05321381968417,0.0,0.0,,1.0,True,,2864,42770440-SPOTLOAD,42770440,42770440-SPOTLOAD
327,load 42774613,963,34.26123767820501,11.261124248581167,0.0,0.0,,1.0,True,,2867,42774613-SPOTLOAD,42774613,42774613-SPOTLOAD
328,load 42769747,1436,32.309789574725585,10.619714274886041,0.0,0.0,,1.0,True,,2879,42769747-SPOTLOAD,42769747,42769747-SPOTLOAD
329,load 42790089,811,19.236806728354313,6.322832606007872,0.0,0.0,,1.0,True,,2883,42790089-SPOTLOAD,42790089,42790089-SPOTLOAD
330,load 42784649,1660,15.27705833559967,5.021326248801871,0.0,0.0,,1.0,True,,2887,42784649-SPOTLOAD,42784649,42784649-SPOTLOAD
331,load 42787214,556,25.69704202059466,8.446209262282803,0.0,0.0,,1.0,True,,2888,42787214-SPOTLOAD,42787214,42787214-SPOTLOAD
332,load 42780405,1769,8.049588551565291,2.6457718101292595,0.0,0.0,,1.0,True,,2893,42780405-SPOTLOAD,42780405,42780405-SPOTLOAD
333,load 42784743,1797,21.793783076061516,7.163270088817532,0.0,0.0,,1.0,True,,2898,42784743-SPOTLOAD,42784743,42784743-SPOTLOAD
334,load 42765603,1621,16.299337673130324,5.357333218100975,0.0,0.0,,1.0,True,,2902,42765603-SPOTLOAD,42765603,42765603-SPOTLOAD
335,load 42769312,1608,38.87476237803909,12.777516486266713,0.0,0.0,,1.0,True,,2905,42769312-SPOTLOAD,42769312,42769312-SPOTLOAD
336,load 42793330,1287,23.853689742209376,7.840328668132317,0.0,0.0,,1.0,True,,2912,42793330-SPOTLOAD,42793330,42793330-SPOTLOAD
337,load 42788672,1741,26.001958284122104,8.546430391514804,0.0,0.0,,1.0,True,,2941,42788672-SPOTLOAD,42788672,42788672-SPOTLOAD
338,load 42783661,933,9.211477900263288,3.0276663710229124,0.0,0.0,,1.0,True,,2960,42783661-SPOTLOAD,42783661,42783661-SPOTLOAD
339,load 42780404,1545,22.523432918505378,7.403094394375092,0.0,0.0,,1.0,True,,2964,42780404-SPOTLOAD,42780404,42780404-SPOTLOAD
340,load 42763914,1659,25.396080777834136,8.347288085512542,0.0,0.0,,1.0,True,,2967,42763914-SPOTLOAD,42763914,42763914-SPOTLOAD
341,load 42787797,1513,26.603413642180332,8.744119207683205,0.0,0.0,,1.0,True,,2983,42787797-SPOTLOAD,42787797,42787797-SPOTLOAD
342,load 42770528,1591,27.678538245578363,9.097495575906867,0.0,0.0,,1.0,True,,2984,42770528-SPOTLOAD,42770528,42770528-SPOTLOAD
343,load 42761097,1186,21.11633266003765,6.940602905023679,0.0,0.0,,1.0,True,,2998,42761097-SPOTLOAD,42761097,42761097-SPOTLOAD
344,load 42781025,514,8.314946916476922,2.732990886851965,0.0,0.0,,1.0,True,,3010,42781025-SPOTLOAD,42781025,42781025-SPOTLOAD
345,load 42776800,1481,9.657933166213974,3.1744091206143055,0.0,0.0,,1.0,True,,3016,42776800-SPOTLOAD,42776800,42776800-SPOTLOAD
346,load 42768416,1223,8.749696004601391,2.875886001859483,0.0,0.0,,1.0,True,,3019,42768416-SPOTLOAD,42768416,42768416-SPOTLOAD
347,load 42788658,1587,23.52538029919979,7.7324185726349395,0.0,0.0,,1.0,True,,3022,42788658-SPOTLOAD,42788658,42788658-SPOTLOAD
348,load 42791672,643,23.684088414592036,7.784583407527264,0.0,0.0,,1.0,True,,3025,42791672-SPOTLOAD,42791672,42791672-SPOTLOAD
349,load 42781431,765,29.255691349879843,9.615880732724264,0.0,0.0,,1.0,True,,3031,42781431-SPOTLOAD,42781431,42781431-SPOTLOAD
350,load 42778548,605,19.53296272097679,6.420174373436349,0.0,0.0,,1.0,True,,3043,42778548-SPOTLOAD,42778548,42778548-SPOTLOAD
351,load 42763031,773,13.68027447462359,4.496488774292898,0.0,0.0,,1.0,True,,3046,42763031-SPOTLOAD,42763031,42763031-SPOTLOAD
352,load 42772046,1629,25.07863322923894,8.242948122061305,0.0,0.0,,1.0,True,,3051,42772046-SPOTLOAD,42772046,42772046-SPOTLOAD
353,load 42775458,1717,27.899771323391057,9.170211372123699,0.0,0.0,,1.0,True,,3064,42775458-SPOTLOAD,42775458,42775458-SPOTLOAD
354,load 42779431,1493,16.10338684741175,5.292927296290605,0.0,0.0,,1.0,True,,3078,42779431-SPOTLOAD,42779431,42779431-SPOTLOAD
355,load 42784991,1225,27.22021185112766,8.946850975066981,0.0,0.0,,1.0,True,,3083,42784991-SPOTLOAD,42784991,42784991-SPOTLOAD
356,load 42786738,1474,11.3126361867846,3.718283702267323,0.0,0.0,,1.0,True,,3091,42786738-SPOTLOAD,42786738,42786738-SPOTLOAD
357,load 42774286,1726,40.73685965970871,13.389558265048288,0.0,0.0,,1.0,True,,3095,42774286-SPOTLOAD,42774286,42774286-SPOTLOAD
358,load 42793164,961,13.078650796685656,4.298744634055451,0.0,0.0,,1.0,True,,3102,42793164-SPOTLOAD,42793164,42793164-SPOTLOAD
359,load 42791066,1669,18.851970513778696,6.196343059179664,0.0,0.0,,1.0,True,,3104,42791066-SPOTLOAD,42791066,42791066-SPOTLOAD
360,load 42763745,1680,16.147992231162796,5.307588376934977,0.0,0.0,,1.0,True,,3123,42763745-SPOTLOAD,42763745,42763745-SPOTLOAD
361,load 42774185,1141,33.30996357594949,10.948455571501485,0.0,0.0,,1.0,True,,3128,42774185-SPOTLOAD,42774185,42774185-SPOTLOAD
362,load 42767384,1675,10.28676353002127,3.381095666051605,0.0,0.0,,1.0,True,,3129,42767384-SPOTLOAD,42767384,42767384-SPOTLOAD
363,load 42741724,1208,24.922553349872917,8.191647146575459,0.0,0.0,,1.0,True,,3144,42741724-SPOTLOAD,42741724,42741724-SPOTLOAD
364,load 42776801,1716,20.38807152917071,6.701235046888131,0.0,0.0,,1.0,True,,3150,42776801-SPOTLOAD,42776801,42776801-SPOTLOAD
365,load 42750773,554,31.269452101791195,10.277771883510562,0.0,0.0,,1.0,True,,3156,42750773-SPOTLOAD,42750773,42750773-SPOTLOAD
366,load 42781087,1329,23.514959589463924,7.728993450980079,0.0,0.0,,1.0,True,,3160,42781087-SPOTLOAD,42781087,42781087-SPOTLOAD
367,load 42768828,1639,31.137985115582303,10.23456077478793,0.0,0.0,,1.0,True,,3189,42768828-SPOTLOAD,42768828,42768828-SPOTLOAD
368,load 42819954,691,13.589132926112267,4.466531995975837,0.0,0.0,,1.0,True,,3195,42819954-SPOTLOAD,42819954,42819954-SPOTLOAD
369,load 42826201,703,6.843112958045143,2.2492224592529513,0.0,0.0,,1.0,True,,3206,42826201-SPOTLOAD,42826201,42826201-SPOTLOAD
370,load 42785770,714,16.7525633637472,5.506301298665455,0.0,0.0,,1.0,True,,3217,42785770-SPOTLOAD,42785770,42785770-SPOTLOAD
371,load 42791464,775,26.820058384892622,8.8153268910833,0.0,0.0,,1.0,True,,3222,42791464-SPOTLOAD,42791464,42791464-SPOTLOAD
372,load 42819955,972,23.022464344292892,7.567118092016194,0.0,0.0,,1.0,True,,3225,42819955-SPOTLOAD,42819955,42819955-SPOTLOAD
373,load 42785115,666,23.061210442230017,7.57985331854583,0.0,0.0,,1.0,True,,3233,42785115-SPOTLOAD,42785115,42785115-SPOTLOAD
374,load 42790707,566,6.6824504749154245,2.196415254749646,0.0,0.0,,1.0,True,,3240,42790707-SPOTLOAD,42790707,42790707-SPOTLOAD
375,load 42787200,936,11.05601023006242,3.633934829316424,0.0,0.0,,1.0,True,,3243,42787200-SPOTLOAD,42787200,42787200-SPOTLOAD
376,load 42776904,1167,30.51868198833863,10.031005680575372,0.0,0.0,,1.0,True,,3249,42776904-SPOTLOAD,42776904,42776904-SPOTLOAD
377,load 42768460,727,44.122072275140546,14.502223844391699,0.0,0.0,,1.0,True,,3261,42768460-SPOTLOAD,42768460,42768460-SPOTLOAD
378,load 42718174,516,16.223074440006616,5.332266705563662,0.0,0.0,,1.0,True,,3262,42718174-SPOTLOAD,42718174,42718174-SPOTLOAD
379,load 42719113,544,5.697825570917045,1.8727846992421144,0.0,0.0,,1.0,True,,3273,42719113-SPOTLOAD,42719113,42719113-SPOTLOAD
380,load 42773421,1258,38.159798213184736,12.542519129506609,0.0,0.0,,1.0,True,,3274,42773421-SPOTLOAD,42773421,42773421-SPOTLOAD
381,load 42784354,498,20.51774150664194,6.743855507401827,0.0,0.0,,1.0,True,,3279,42784354-SPOTLOAD,42784354,42784354-SPOTLOAD
382,load 42716042,1616,21.768480218568833,7.154953441744081,0.0,0.0,,1.0,True,,3280,42716042-SPOTLOAD,42716042,42716042-SPOTLOAD
383,load 42790406,1619,29.310036744709123,9.633743200194319,0.0,0.0,,1.0,True,,3289,42790406-SPOTLOAD,42790406,42790406-SPOTLOAD
384,load 42789380,984,18.67260855434134,6.137389634038871,0.0,0.0,,1.0,True,,3305,42789380-SPOTLOAD,42789380,42789380-SPOTLOAD
385,load 42774597,500,8.34228695960159,2.7419771244619477,0.0,0.0,,1.0,True,,3306,42774597-SPOTLOAD,42774597,42774597-SPOTLOAD
386,load 42784974,654,28.230122927121286,9.278792693390171,0.0,0.0,,1.0,True,,3310,42784974-SPOTLOAD,42784974,42784974-SPOTLOAD
387,load 42822842,1254,25.391835018936604,8.3458925720485,0.0,0.0,,1.0,True,,3313,42822842-SPOTLOAD,42822842,42822842-SPOTLOAD
388,load 42758525,1055,9.834349666689258,3.2323944202118104,0.0,0.0,,1.0,True,,3316,42758525-SPOTLOAD,42758525,42758525-SPOTLOAD
389,load 42770529,504,12.050076529562178,3.960668621455966,0.0,0.0,,1.0,True,,3319,42770529-SPOTLOAD,42770529,42770529-SPOTLOAD
390,load 42721720,1345,34.40557014701843,11.30856403694136,0.0,0.0,,1.0,True,,3326,42721720-SPOTLOAD,42721720,42721720-SPOTLOAD
391,load 42761551,555,11.108933671705167,3.6513299233757563,0.0,0.0,,1.0,True,,3329,42761551-SPOTLOAD,42761551,42761551-SPOTLOAD
392,load 42762942,1553,35.97394470037905,11.824063823597996,0.0,0.0,,1.0,True,,3330,42762942-SPOTLOAD,42762942,42762942-SPOTLOAD
393,load 42785005,700,11.222448826277928,3.6886405503807445,0.0,0.0,,1.0,True,,3331,42785005-SPOTLOAD,42785005,42785005-SPOTLOAD
394,load 42777658,533,10.288456000612582,3.3816519542334516,0.0,0.0,,1.0,True,,3332,42777658-SPOTLOAD,42777658,42777658-SPOTLOAD
395,load 42758556,1599,19.55058575409275,6.425966784306606,0.0,0.0,,1.0,True,,3339,42758556-SPOTLOAD,42758556,42758556-SPOTLOAD
396,load 42769392,1602,27.7289106412691,9.114052181710193,0.0,0.0,,1.0,True,,3365,42769392-SPOTLOAD,42769392,42769392-SPOTLOAD
397,load 42781958,1415,34.671279285826294,11.39589840746827,0.0,0.0,,1.0,True,,3405,42781958-SPOTLOAD,42781958,42781958-SPOTLOAD
398,load 42787973,782,36.82588790640615,12.104084013934227,0.0,0.0,,1.0,True,,3406,42787973-SPOTLOAD,42787973,42787973-SPOTLOAD
399,load 42793813,1216,33.294760187905304,10.943458459506493,0.0,0.0,,1.0,True,,3408,42793813-SPOTLOAD,42793813,42793813-SPOTLOAD
400,load 42786429,1694,28.97617490996285,9.524008121787366,0.0,0.0,,1.0,True,,3409,42786429-SPOTLOAD,42786429,42786429-SPOTLOAD
401,load 42765604,1548,45.37814267393858,14.915074219462289,0.0,0.0,,1.0,True,,3413,42765604-SPOTLOAD,42765604,42765604-SPOTLOAD
402,load 42777009,857,42.115728283104964,13.842770464688497,0.0,0.0,,1.0,True,,3423,42777009-SPOTLOAD,42777009,42777009-SPOTLOAD
403,load 42766346,1256,24.583094582780078,8.08007244546843,0.0,0.0,,1.0,True,,3430,42766346-SPOTLOAD,42766346,42766346-SPOTLOAD
404,load 42773268,1777,16.455490344573995,5.408658119185727,0.0,0.0,,1.0,True,,3431,42773268-SPOTLOAD,42773268,42773268-SPOTLOAD
405,load 42783265,662,24.4721574062993,8.043609158885776,0.0,0.0,,1.0,True,,3433,42783265-SPOTLOAD,42783265,42783265-SPOTLOAD
406,load 42772657,502,27.86671573535183,9.159346525747862,0.0,0.0,,1.0,True,,3443,42772657-SPOTLOAD,42772657,42772657-SPOTLOAD
407,load 42758557,510,33.08222980570939,10.873603101011108,0.0,0.0,,1.0,True,,3450,42758557-SPOTLOAD,42758557,42758557-SPOTLOAD
408,load 42770349,661,15.534543788712886,5.1059576245549625,0.0,0.0,,1.0,True,,3451,42770349-SPOTLOAD,42770349,42770349-SPOTLOAD
409,load 42793800,1442,45.35403042464703,14.907148906380046,0.0,0.0,,1.0,True,,3457,42793800-SPOTLOAD,42793800,42793800-SPOTLOAD
410,load 42763775,1682,10.784992828911967,3.5448557173313864,0.0,0.0,,1.0,True,,3458,42763775-SPOTLOAD,42763775,42763775-SPOTLOAD
411,load 42765295,542,11.31500313487742,3.7190616804832173,0.0,0.0,,1.0,True,,3462,42765295-SPOTLOAD,42765295,42765295-SPOTLOAD
412,load 42779070,1343,6.853272732771051,2.2525618157175558,0.0,0.0,,1.0,True,,3475,42779070-SPOTLOAD,42779070,42779070-SPOTLOAD
413,load 42773178,1712,22.959595315318776,7.546454041484371,0.0,0.0,,1.0,True,,3479,42773178-SPOTLOAD,42773178,42773178-SPOTLOAD
414,load 42767760,622,20.965932000209172,6.891168598729646,0.0,0.0,,1.0,True,,3487,42767760-SPOTLOAD,42767760,42767760-SPOTLOAD
415,load 42771661,1236,21.240868507553554,6.981535858627136,0.0,0.0,,1.0,True,,3492,42771661-SPOTLOAD,42771661,42771661-SPOTLOAD
416,load 42776040,1302,11.1723010566297,3.672157775587201,0.0,0.0,,1.0,True,,3494,42776040-SPOTLOAD,42776040,42776040-SPOTLOAD
417,load 42764607,1332,20.574420503916556,6.762484992903469,0.0,0.0,,1.0,True,,3508,42764607-SPOTLOAD,42764607,42764607-SPOTLOAD
418,load 42786967,1785,36.09811220698148,11.864875709397907,0.0,0.0,,1.0,True,,3529,42786967-SPOTLOAD,42786967,42786967-SPOTLOAD
419,load 42762808,1390,56.45620744085492,18.55625802448968,0.0,0.0,,1.0,True,,3531,42762808-SPOTLOAD,42762808,42762808-SPOTLOAD
420,load 42788576,1355,30.986997048379422,10.184933397026665,0.0,0.0,,1.0,True,,3536,42788576-SPOTLOAD,42788576,42788576-SPOTLOAD
421,load 42790023,1012,43.31760159631694,14.23780711917993,0.0,0.0,,1.0,True,,3537,42790023-SPOTLOAD,42790023,42790023-SPOTLOAD
422,load 42763081,762,42.36567408860963,13.924923678114007,0.0,0.0,,1.0,True,,3553,42763081-SPOTLOAD,42763081,42763081-SPOTLOAD
423,load 42785172,1577,45.61984098546962,14.994516612711111,0.0,0.0,,1.0,True,,3564,42785172-SPOTLOAD,42785172,42785172-SPOTLOAD
424,load 42768854,669,56.709411514826755,18.639482178970752,0.0,0.0,,1.0,True,,3565,42768854-SPOTLOAD,42768854,42768854-SPOTLOAD
425,load 42787879,633,63.76328041686078,20.95797676708482,0.0,0.0,,1.0,True,,3569,42787879-SPOTLOAD,42787879,42787879-SPOTLOAD
426,load 42782067,1477,49.89384598613122,16.399314121883556,0.0,0.0,,1.0,True,,3586,42782067-SPOTLOAD,42782067,42782067-SPOTLOAD
427,load 42772366,1652,7.287951752572037,2.3954339003808682,0.0,0.0,,1.0,True,,3600,42772366-SPOTLOAD,42772366,42772366-SPOTLOAD
428,load 42785348,1445,13.933435536457415,4.579698791367879,0.0,0.0,,1.0,True,,3601,42785348-SPOTLOAD,42785348,42785348-SPOTLOAD
429,load 42763588,1086,12.028730211623467,3.9536524260454167,0.0,0.0,,1.0,True,,3606,42763588-SPOTLOAD,42763588,42763588-SPOTLOAD
430,load 42770948,539,4.64630054822539,1.5271651380855238,0.0,0.0,,1.0,True,,3610,42770948-SPOTLOAD,42770948,42770948-SPOTLOAD
431,load 42788575,802,23.421714961469245,7.698345423864912,0.0,0.0,,1.0,True,,3617,42788575-SPOTLOAD,42788575,42788575-SPOTLOAD
432,load 42768431,996,37.681427166825,12.385286170190382,0.0,0.0,,1.0,True,,3627,42768431-SPOTLOAD,42768431,42768431-SPOTLOAD
433,load 42762547,1210,7.899270741201282,2.596364735137319,0.0,0.0,,1.0,True,,3631,42762547-SPOTLOAD,42762547,42762547-SPOTLOAD
434,load 42776782,730,54.1565281196485,17.80038998460061,0.0,0.0,,1.0,True,,3650,42776782-SPOTLOAD,42776782,42776782-SPOTLOAD
435,load 42716455,624,62.454622001603546,20.527841546881202,0.0,0.0,,1.0,True,,3661,42716455-SPOTLOAD,42716455,42716455-SPOTLOAD
436,load 42715190,637,27.71902996340793,9.110804559948832,0.0,0.0,,1.0,True,,3666,42715190-SPOTLOAD,42715190,42715190-SPOTLOAD
437,load 42776434,912,6.249169450075885,2.054002668809281,0.0,0.0,,1.0,True,,3671,42776434-SPOTLOAD,42776434,42776434-SPOTLOAD
438,load 78874605,741,32.942880621651376,10.827801239141596,0.0,0.0,,1.0,True,,3680,78874605-SPOTLOAD,78874605,78874605-SPOTLOAD
439,load 164684514,987,53.25128591858602,17.502851261774246,0.0,0.0,,1.0,True,,3685,164684514-SPOTLOAD,164684514,164684514-SPOTLOAD
440,load 42754812,742,11.692209150693172,3.843043302259701,0.0,0.0,,1.0,True,,3695,42754812-SPOTLOAD,42754812,42754812-SPOTLOAD
441,load 42781432,1326,37.706391583228985,12.39349157705744,0.0,0.0,,1.0,True,,3718,42781432-SPOTLOAD,42781432,42781432-SPOTLOAD
442,load 42747956,1197,29.796305671598933,9.793572067305382,0.0,0.0,,1.0,True,,3725,42747956-SPOTLOAD,42747956,42747956-SPOTLOAD
443,load 42782565,524,40.902120934930494,13.443877019415277,0.0,0.0,,1.0,True,,3728,42782565-SPOTLOAD,42782565,42782565-SPOTLOAD
444,load 84774124,705,72.12472005817116,23.706249073595995,0.0,0.0,,1.0,True,,3732,84774124-SPOTLOAD,84774124,84774124-SPOTLOAD
445,load 42773609,634,53.603715239857614,17.618689177875194,0.0,0.0,,1.0,True,,3734,42773609-SPOTLOAD,42773609,42773609-SPOTLOAD
446,load 42774239,865,28.33117055827247,9.31200544361554,0.0,0.0,,1.0,True,,3743,42774239-SPOTLOAD,42774239,42774239-SPOTLOAD
447,load 42771930,1192,58.75027025232329,19.310280006901266,0.0,0.0,,1.0,True,,3747,42771930-SPOTLOAD,42771930,42771930-SPOTLOAD
448,load 42764477,1296,26.180266337502925,8.605037414486464,0.0,0.0,,1.0,True,,3750,42764477-SPOTLOAD,42764477,42764477-SPOTLOAD
449,load 84774254,783,54.33668424180797,17.859604438405093,0.0,0.0,,1.0,True,,3752,84774254-SPOTLOAD,84774254,84774254-SPOTLOAD
450,load 42774787,545,23.2629611787912,7.646165578861618,0.0,0.0,,1.0,True,,3768,42774787-SPOTLOAD,42774787,42774787-SPOTLOAD
451,load 42787379,1762,11.2443983065956,3.6958549956780993,0.0,0.0,,1.0,True,,3779,42787379-SPOTLOAD,42787379,42787379-SPOTLOAD
452,load 42793458,493,45.44958063481951,14.938554741710242,0.0,0.0,,1.0,True,,3793,42793458-SPOTLOAD,42793458,42793458-SPOTLOAD
453,load 42792471,1460,48.42837429329923,15.91763686986012,0.0,0.0,,1.0,True,,3801,42792471-SPOTLOAD,42792471,42792471-SPOTLOAD
454,load 42788476,1375,57.261898555110555,18.821075887429352,0.0,0.0,,1.0,True,,3807,42788476-SPOTLOAD,42788476,42788476-SPOTLOAD
455,load 42791652,641,30.64061517536246,10.071083181043907,0.0,0.0,,1.0,True,,3809,42791652-SPOTLOAD,42791652,42791652-SPOTLOAD
456,load 42765259,1556,23.124027205590842,7.6005001902013145,0.0,0.0,,1.0,True,,3826,42765259-SPOTLOAD,42765259,42765259-SPOTLOAD
457,load 42779377,813,66.03184877822959,21.703619128978403,0.0,0.0,,1.0,True,,3835,42779377-SPOTLOAD,42779377,42779377-SPOTLOAD
458,load 42780117,1358,8.497653661317097,2.7930436897899007,0.0,0.0,,1.0,True,,3838,42780117-SPOTLOAD,42780117,42780117-SPOTLOAD
459,load 42791585,1010,24.38889729557245,8.016242883894426,0.0,0.0,,1.0,True,,3857,42791585-SPOTLOAD,42791585,42791585-SPOTLOAD
460,load 42792442,722,63.87092938441861,20.993359271659994,0.0,0.0,,1.0,True,,3861,42792442-SPOTLOAD,42792442,42792442-SPOTLOAD
461,load 42739031,1260,23.428604494376163,7.700609903823522,0.0,0.0,,1.0,True,,3875,42739031-SPOTLOAD,42739031,42739031-SPOTLOAD
