,name,bus,p_kw,q_kvar,const_z_percent,const_i_percent,sn_kva,scaling,in_service,type
0,load 42783662,1467,3.5817120029938763,1.177251804712436,0.0,0.0,,1.0,True,
1,load 42787380,890,1.0269575366417751,0.3375446189877915,0.0,0.0,,1.0,True,
2,load 42769314,1758,4.578404001772073,1.5048486224697801,0.0,0.0,,1.0,True,
3,load 42777729,781,1.8389832354205955,0.6044445591731492,0.0,0.0,,1.0,True,
4,load 42783479,1499,4.44487382295416,1.4609593751306411,0.0,0.0,,1.0,True,
5,load 42785340,818,1.1104543708999335,0.36498870124120214,0.0,0.0,,1.0,True,
6,load 42793224,1016,3.8861622212229814,1.277319752262579,0.0,0.0,,1.0,True,
7,load 42767154,1646,5.098184874280364,1.6756923334392566,0.0,0.0,,1.0,True,
8,load 152492633,448,0.9926445785031832,0.3262664950459686,0.0,0.0,,1.0,True,
9,load 42937051,257,0.7103278379956693,0.2334734698152431,0.0,0.0,,1.0,True,
10,load 42787284,546,4.0496759365021004,1.331064111453568,0.0,0.0,,1.0,True,
11,load 42763335,1761,4.904051803472811,1.6118838787752514,0.0,0.0,,1.0,True,
12,load 42773552,1780,0.948124629352978,0.3116334953969249,0.0,0.0,,1.0,True,
13,load 42789009,503,6.274016562963516,2.0621695198750305,0.0,0.0,,1.0,True,
14,load 42787190,840,2.259760363071957,0.7427473128549692,0.0,0.0,,1.0,True,
15,load 42789804,812,9.543251180441583,3.1367149747405714,0.0,0.0,,1.0,True,
16,load 42784353,581,0.8192808418122703,0.26928459038125185,0.0,0.0,,1.0,True,
17,load 42767812,1679,4.39780744634491,1.445489405250818,0.0,0.0,,1.0,True,
18,load 42786427,1551,5.4268841117004545,1.783730548163654,0.0,0.0,,1.0,True,
19,load 42792703,1018,1.450167580004017,0.47664703339301784,0.0,0.0,,1.0,True,
20,load 42790819,1021,2.4472184047291523,0.8043617915356465,0.0,0.0,,1.0,True,
21,load 42765004,1593,1.8473556187075193,0.6071964284820263,0.0,0.0,,1.0,True,
22,load 42788091,1229,1.5195086091165713,0.49943832749905925,0.0,0.0,,1.0,True,
23,load 42793296,1770,3.4579811776534735,1.1365834491023836,0.0,0.0,,1.0,True,
24,load 42788108,1606,2.8869086983681562,0.9488810022562142,0.0,0.0,,1.0,True,
25,load 42771587,1625,1.303603386297772,0.42847371253341915,0.0,0.0,,1.0,True,
26,load 42763158,1176,7.098966874302128,2.333317574774387,0.0,0.0,,1.0,True,
27,load 42765907,1502,0.3616902902319725,0.11888184939677922,0.0,0.0,,1.0,True,
28,load 42766857,1649,1.6006183332657817,0.526097804602347,0.0,0.0,,1.0,True,
29,load 42744012,1291,6.594654983770341,2.1675582723038853,0.0,0.0,,1.0,True,
30,load 42793283,1092,2.9792077930724794,0.9792182476079238,0.0,0.0,,1.0,True,
31,load 42763526,938,1.978930713863603,0.6504430708972273,0.0,0.0,,1.0,True,
32,load 42758495,1066,5.85283261090297,1.9237330494763125,0.0,0.0,,1.0,True,
33,load 42787701,1071,3.0830436340653042,1.013347438090145,0.0,0.0,,1.0,True,
34,load 42738067,1773,2.751212313037228,0.9042797572677117,0.0,0.0,,1.0,True,
35,load 42777552,650,1.7551025772640538,0.5768743201051522,0.0,0.0,,1.0,True,
36,load 42767192,1466,8.494082712958612,2.7918699758240524,0.0,0.0,,1.0,True,
37,load 42774348,572,4.615718958720561,1.5171134557041819,0.0,0.0,,1.0,True,
38,load 42769205,738,4.425313846613099,1.4545303218096595,0.0,0.0,,1.0,True,
39,load 42744368,1179,8.346500211863122,2.7433619535114224,0.0,0.0,,1.0,True,
40,load 42791308,518,2.727062758751522,0.8963421826268463,0.0,0.0,,1.0,True,
41,load 42768432,1539,0.6525602049935778,0.21448616705364967,0.0,0.0,,1.0,True,
42,load 42756786,1547,5.6394540884679145,1.853598920765358,0.0,0.0,,1.0,True,
43,load 42773116,1566,4.867243748343506,1.5997856561117014,0.0,0.0,,1.0,True,
44,load 42774851,1645,1.2682029675754745,0.41683815758272375,0.0,0.0,,1.0,True,
45,load 42769956,1423,4.706826093539241,1.5470589227874698,0.0,0.0,,1.0,True,
46,load 42773422,489,1.7584812677684882,0.5779848419702784,0.0,0.0,,1.0,True,
47,load 42790182,701,2.161567975090319,0.7104730356758487,0.0,0.0,,1.0,True,
48,load 42733247,1552,4.820417394398848,1.5843945778666126,0.0,0.0,,1.0,True,
49,load 42791520,1105,4.751639668456383,1.5617884325589761,0.0,0.0,,1.0,True,
50,load 42772160,1149,6.696116427853148,2.200907036262398,0.0,0.0,,1.0,True,
51,load 42782833,667,9.163551788377946,3.011913819823177,0.0,0.0,,1.0,True,
52,load 42793470,1194,3.3666593847267046,1.1065674273109192,0.0,0.0,,1.0,True,
53,load 42790555,1067,6.585076219339158,2.164409884688103,0.0,0.0,,1.0,True,
54,load 42784577,1437,1.4760524766540521,0.48515498748608193,0.0,0.0,,1.0,True,
55,load 42793444,866,6.405469369684767,2.105375968025455,0.0,0.0,,1.0,True,
56,load 42768299,1720,5.538941944156642,1.820562176552799,0.0,0.0,,1.0,True,
57,load 42768223,606,3.3831282780738365,1.1119804907840074,0.0,0.0,,1.0,True,
58,load 42816058,1458,3.5427735539345364,1.1644533554263141,0.0,0.0,,1.0,True,
59,load 42819953,767,6.352160519945874,2.087854196450912,0.0,0.0,,1.0,True,
60,load 183882638,636,2.465905523558802,0.810503950466541,0.0,0.0,,1.0,True,
61,load 42768915,926,1.829183188279455,0.6012234394478527,0.0,0.0,,1.0,True,
62,load 42778475,1233,2.2744522199396977,0.7475762926829586,0.0,0.0,,1.0,True,
63,load 42852175,914,2.715481107094035,0.8925354778153116,0.0,0.0,,1.0,True,
64,load 42767097,1407,3.1335795519094973,1.0299577910261561,0.0,0.0,,1.0,True,
65,load 42775194,832,4.365194427079277,1.4347700241963126,0.0,0.0,,1.0,True,
66,load 186592607,756,2.912657811155369,0.9573443263518289,0.0,0.0,,1.0,True,
67,load 42857661,1305,4.915281677822938,1.6155749599772935,0.0,0.0,,1.0,True,
68,load 42751425,670,2.1327734687687214,0.7010087391314674,0.0,0.0,,1.0,True,
69,load 42741062,1133,5.530629499834202,1.8178300082288283,0.0,0.0,,1.0,True,
70,load 42766166,1221,3.9985571608256043,1.3142621824124994,0.0,0.0,,1.0,True,
71,load 42762753,1565,3.24420936703282,1.0663200528160688,0.0,0.0,,1.0,True,
72,load 42782783,1704,0.877025016965557,0.2882641829208014,0.0,0.0,,1.0,True,
73,load 42717010,758,4.927495254378337,1.6195893684584384,0.0,0.0,,1.0,True,
74,load 42761423,1406,0.9316186837929958,0.3062082534504112,0.0,0.0,,1.0,True,
75,load 42751379,1751,3.6256428956176654,1.191691190844195,0.0,0.0,,1.0,True,
76,load 42855133,757,4.951077223750439,1.6273403869598633,0.0,0.0,,1.0,True,
77,load 42790218,598,4.162559695159918,1.3681672086572394,0.0,0.0,,1.0,True,
78,load 42726127,1145,1.6866243556879792,0.5543666171221802,0.0,0.0,,1.0,True,
79,load 42713891,1041,3.733215705943876,1.227048663747841,0.0,0.0,,1.0,True,
80,load 42793051,1509,2.5944624585663614,0.8527585716140379,0.0,0.0,,1.0,True,
81,load 42784573,1752,3.92428262707031,1.2898493237475634,0.0,0.0,,1.0,True,
82,load 42779307,805,1.3628569632356393,0.447949421447889,0.0,0.0,,1.0,True,
83,load 42763533,1469,7.082280831986446,2.3278331378868797,0.0,0.0,,1.0,True,
84,load 42788586,1341,8.695111065665833,2.8579448000492063,0.0,0.0,,1.0,True,
85,load 42840892,1312,5.609259212777053,1.84367434506792,0.0,0.0,,1.0,True,
86,load 42734829,649,4.5030439166855905,1.4800789603369267,0.0,0.0,,1.0,True,
87,load 152494061,761,5.926296503900316,1.9478794634091008,0.0,0.0,,1.0,True,
88,load 148905331,1054,6.100934822788193,2.0052803029827033,0.0,0.0,,1.0,True,
89,load 106168740,1297,1.7774179102488892,0.5842090153590411,0.0,0.0,,1.0,True,
90,load 148905531,1272,0.4788344495854732,0.15738527259081475,0.0,0.0,,1.0,True,
91,load 148908923,1714,7.70343251289806,2.5319958223076604,0.0,0.0,,1.0,True,
92,load 42834785,736,1.5441712081313175,0.5075445317876062,0.0,0.0,,1.0,True,
93,load 42763210,547,6.809923353352145,2.2383135637331932,0.0,0.0,,1.0,True,
94,load 42774952,922,1.0475947303040118,0.34432773652006665,0.0,0.0,,1.0,True,
95,load 42770669,590,3.109045027968667,1.021893682978675,0.0,0.0,,1.0,True,
96,load 42758372,755,7.788768436208508,2.560044383900567,0.0,0.0,,1.0,True,
97,load 42769411,960,4.794351478059664,1.5758271254790006,0.0,0.0,,1.0,True,
98,load 42739647,1693,5.261852845454322,1.729487394091009,0.0,0.0,,1.0,True,
99,load 42747287,1292,4.867391981561565,1.5998343780143367,0.0,0.0,,1.0,True,
100,load 42772045,1098,4.931590596536205,1.620935442330999,0.0,0.0,,1.0,True,
101,load 42778310,1394,5.339622886993186,1.7550491706039333,0.0,0.0,,1.0,True,
102,load 42781234,1632,5.7821308800242095,1.90049451432783,0.0,0.0,,1.0,True,
103,load 42783841,1163,0.6138978422021164,0.2017784629354376,0.0,0.0,,1.0,True,
104,load 42767367,1454,1.5285439055560097,0.5024080858242819,0.0,0.0,,1.0,True,
105,load 42792092,814,3.016302395860521,0.9914106539322766,0.0,0.0,,1.0,True,
106,load 42780106,1150,1.3016864638136458,0.42784365058202684,0.0,0.0,,1.0,True,
107,load 42778587,684,3.6415480806170293,1.196918972343415,0.0,0.0,,1.0,True,
108,load 42738222,592,2.9354124809540405,0.9648234246332457,0.0,0.0,,1.0,True,
109,load 42750515,693,2.2768118495869665,0.7483518654421247,0.0,0.0,,1.0,True,
110,load 42779602,817,2.9718268661691627,0.9767922542533165,0.0,0.0,,1.0,True,
111,load 42717547,1372,3.3246946441868737,1.0927742841175216,0.0,0.0,,1.0,True,
112,load 42788390,1020,5.516582922189896,1.813213121424984,0.0,0.0,,1.0,True,
113,load 42779258,733,1.1595333596115185,0.381120184728953,0.0,0.0,,1.0,True,
114,load 42771645,927,4.384268932733876,1.4410395110191239,0.0,0.0,,1.0,True,
115,load 42773590,1000,4.442965801026251,1.4603322386506046,0.0,0.0,,1.0,True,
116,load 42763361,815,2.1608028237997337,0.7102215426085763,0.0,0.0,,1.0,True,
117,load 42784482,1528,3.983527615987473,1.3093222099161328,0.0,0.0,,1.0,True,
118,load 42761907,1338,3.0161237285573628,0.9913519288296133,0.0,0.0,,1.0,True,
119,load 42762171,807,2.2676122561389587,0.7453281053016568,0.0,0.0,,1.0,True,
120,load 42786641,1139,0.7017240365232218,0.23064553702713508,0.0,0.0,,1.0,True,
121,load 42747286,1087,4.495040398624837,1.477448331164845,0.0,0.0,,1.0,True,
122,load 42781957,1512,7.999135110180485,2.6291885658945,0.0,0.0,,1.0,True,
123,load 42766345,672,4.371419331388841,1.4368160512991255,0.0,0.0,,1.0,True,
124,load 42752486,1350,4.366636730443983,1.4352440863871376,0.0,0.0,,1.0,True,
125,load 42794418,631,1.7861593815094168,0.5870821980182545,0.0,0.0,,1.0,True,
126,load 42789463,599,2.557530158081025,0.8406195114768182,0.0,0.0,,1.0,True,
127,load 42732166,1280,7.441761623927738,2.445988760315093,0.0,0.0,,1.0,True,
128,load 42792009,921,6.40110890757773,2.103942753439637,0.0,0.0,,1.0,True,
129,load 42786516,1278,5.846897507396718,1.921782275291216,0.0,0.0,,1.0,True,
130,load 42722926,915,7.44375737891504,2.44664473325725,0.0,0.0,,1.0,True,
131,load 42842926,1102,4.232953784924671,1.3913046270614475,0.0,0.0,,1.0,True,
132,load 42768607,1501,1.0181961692964279,0.33466489680174266,0.0,0.0,,1.0,True,
133,load 42769846,1446,2.0360683394227714,0.6692233002261876,0.0,0.0,,1.0,True,
134,load 42791798,1732,3.751773202263502,1.2331482178200173,0.0,0.0,,1.0,True,
135,load 42767822,1683,3.4408581685431052,1.1309553881749728,0.0,0.0,,1.0,True,
136,load 42789777,1614,4.103915364469923,1.3488917493005852,0.0,0.0,,1.0,True,
137,load 42974549,118,2.106516735067986,0.6923785681101214,0.0,0.0,,1.0,True,
138,load 42903234,474,7.723482538112241,2.538585946903997,0.0,0.0,,1.0,True,
139,load 42933417,429,6.306957193102538,2.0729965814163025,0.0,0.0,,1.0,True,
140,load 42767560,561,4.1651985048462405,1.3690345434577256,0.0,0.0,,1.0,True,
141,load 42768356,1324,4.697014653405079,1.5438340583664567,0.0,0.0,,1.0,True,
142,load 42831040,698,10.608650539086833,3.4868948095950203,0.0,0.0,,1.0,True,
143,load 42774117,619,1.1797381280479693,0.3877611709628339,0.0,0.0,,1.0,True,
144,load 42783766,1154,2.9722894259307258,0.9769442902946377,0.0,0.0,,1.0,True,
145,load 42763524,1386,4.369020187303863,1.4360274907723596,0.0,0.0,,1.0,True,
146,load 42763985,582,2.190490731469846,0.7199794859757599,0.0,0.0,,1.0,True,
147,load 42761819,1518,3.104195106799386,1.0202995909789618,0.0,0.0,,1.0,True,
148,load 42768601,1042,8.73450980094397,2.870894538099279,0.0,0.0,,1.0,True,
149,load 42777550,1173,2.1496935558535997,0.706570102814509,0.0,0.0,,1.0,True,
150,load 42773267,559,2.6589409376431625,0.8739516228126905,0.0,0.0,,1.0,True,
151,load 42778702,837,1.0574439148036632,0.3475650069140761,0.0,0.0,,1.0,True,
152,load 42784705,663,6.059738784779629,1.9917398200929441,0.0,0.0,,1.0,True,
153,load 42766948,1549,4.834949995088831,1.5891712127203217,0.0,0.0,,1.0,True,
154,load 42764009,1544,2.4295541358776114,0.798555827134539,0.0,0.0,,1.0,True,
155,load 42756654,764,1.1580956457248326,0.38064763102660437,0.0,0.0,,1.0,True,
156,load 42767672,1462,2.1100326441237605,0.6935341915320089,0.0,0.0,,1.0,True,
157,load 42774021,1464,5.117426251073007,1.6820166681527557,0.0,0.0,,1.0,True,
158,load 42778658,673,4.329172207237635,1.4229300931011062,0.0,0.0,,1.0,True,
159,load 42769804,627,1.6893181894801836,0.5552520374716714,0.0,0.0,,1.0,True,
160,load 42786672,1664,4.629488685323917,1.5216393459713633,0.0,0.0,,1.0,True,
161,load 42767821,1151,4.219708879694237,1.3869512372376036,0.0,0.0,,1.0,True,
162,load 42746222,1420,2.4084674500592684,0.7916249686751491,0.0,0.0,,1.0,True,
163,load 42778968,923,2.902610229243293,0.9540418458818467,0.0,0.0,,1.0,True,
164,load 42777449,760,5.9780360804729336,1.9648854398372049,0.0,0.0,,1.0,True,
165,load 42784322,1650,4.525580067698878,1.487486234966905,0.0,0.0,,1.0,True,
166,load 42767036,1201,1.280818785155228,0.42098477629502473,0.0,0.0,,1.0,True,
167,load 42763627,1234,2.336875486049654,0.7680938280466514,0.0,0.0,,1.0,True,
168,load 42771143,750,5.250639225659058,1.7258016555027866,0.0,0.0,,1.0,True,
169,load 42763336,1077,2.272221475305762,0.7468430823790708,0.0,0.0,,1.0,True,
170,load 42778811,1792,4.3326873136871935,1.4240854527190878,0.0,0.0,,1.0,True,
171,load 42767841,1155,3.3241741859353127,1.0926032177628244,0.0,0.0,,1.0,True,
172,load 42790131,1439,6.702895676184574,2.2031352674339977,0.0,0.0,,1.0,True,
173,load 42787845,1001,4.323330365744968,1.4210099726574923,0.0,0.0,,1.0,True,
174,load 42771241,1304,5.053089067030379,1.660870058385977,0.0,0.0,,1.0,True,
175,load 42787006,1346,0.41238779374768764,0.1355453129746443,0.0,0.0,,1.0,True,
176,load 42782002,1555,3.278298556030148,1.0775246273979284,0.0,0.0,,1.0,True,
177,load 42785167,1495,2.0577289058989345,0.6763427841360725,0.0,0.0,,1.0,True,
178,load 42772678,1722,1.0443878389605306,0.3432736823084287,0.0,0.0,,1.0,True,
179,load 42763395,1748,1.9868012185630535,0.6530299806916722,0.0,0.0,,1.0,True,
180,load 42774203,1048,3.6746424246222764,1.2077965571892613,0.0,0.0,,1.0,True,
181,load 42774753,944,1.6815470716602785,0.5526977945647964,0.0,0.0,,1.0,True,
182,load 42784295,774,5.49504223476992,1.8061330398554116,0.0,0.0,,1.0,True,
183,load 42772783,824,0.28343417725494535,0.09316030892814901,0.0,0.0,,1.0,True,
184,load 42750394,551,2.6390046976441184,0.8673988976079736,0.0,0.0,,1.0,True,
185,load 42734326,1391,5.312421698778125,1.7461085723956642,0.0,0.0,,1.0,True,
186,load 42773625,1005,4.41652017150423,1.451639980575267,0.0,0.0,,1.0,True,
187,load 42782751,950,0.2949542699813244,0.09694678029749644,0.0,0.0,,1.0,True,
188,load 42825438,851,6.570600049536552,2.159651797770116,0.0,0.0,,1.0,True,
189,load 42825446,686,1.5680015607198934,0.5153771899042792,0.0,0.0,,1.0,True,
190,load 42813639,1447,5.06835405040386,1.6658874157866597,0.0,0.0,,1.0,True,
191,load 42775766,1607,1.6311984488346476,0.5361490025243658,0.0,0.0,,1.0,True,
192,load 42764138,1279,4.74422540565907,1.5593514822258807,0.0,0.0,,1.0,True,
193,load 42827556,747,5.156174698053448,1.6947526667755928,0.0,0.0,,1.0,True,
194,load 42825437,966,7.9931786903566175,2.6272307853746226,0.0,0.0,,1.0,True,
195,load 42825439,1119,7.595619907615418,2.4965595326133334,0.0,0.0,,1.0,True,
196,load 42785447,1418,2.6565249436263305,0.8731575239811505,0.0,0.0,,1.0,True,
197,load 42791070,1205,6.333318374942892,2.0816610828809567,0.0,0.0,,1.0,True,
198,load 42775958,677,0.3756962534251036,0.12348538687608158,0.0,0.0,,1.0,True,
199,load 42782047,1473,2.205418314212165,0.7248859451519024,0.0,0.0,,1.0,True,
200,load 42788149,525,1.6470638534285942,0.5413637088366278,0.0,0.0,,1.0,True,
201,load 42772127,520,4.288726945782409,1.4096363785309702,0.0,0.0,,1.0,True,
202,load 42785967,1672,5.819144107024349,1.912660173724153,0.0,0.0,,1.0,True,
203,load 42792688,573,0.5757980612808568,0.18925567053582262,0.0,0.0,,1.0,True,
204,load 42709993,1476,0.5562733344858988,0.1828382031803601,0.0,0.0,,1.0,True,
205,load 42766744,1642,8.333233879486007,2.7390015209250453,0.0,0.0,,1.0,True,
206,load 42777384,977,1.287645630656922,0.42322865189994335,0.0,0.0,,1.0,True,
207,load 42775041,1424,1.2426818696385011,0.4084497783441275,0.0,0.0,,1.0,True,
208,load 42739337,1750,5.808263803757885,1.9090839909809407,0.0,0.0,,1.0,True,
209,load 42932775,305,1.9754830156319032,0.6493098672890144,0.0,0.0,,1.0,True,
210,load 42788358,1647,5.893142320422601,1.9369822102797922,0.0,0.0,,1.0,True,
211,load 42779763,1070,2.6412144169626792,0.868125197224891,0.0,0.0,,1.0,True,
212,load 42785589,1546,6.07230582325064,1.995870405887537,0.0,0.0,,1.0,True,
213,load 42778481,1525,4.944020878488353,1.6250210784315615,0.0,0.0,,1.0,True,
214,load 42789747,1613,5.447861117742425,1.7906253566238906,0.0,0.0,,1.0,True,
215,load 42751378,1521,6.487663676038757,2.1323919300602134,0.0,0.0,,1.0,True,
216,load 42792621,1503,1.438484412107888,0.4728069618074242,0.0,0.0,,1.0,True,
217,load 42773091,1322,1.143849261617228,0.375965071014162,0.0,0.0,,1.0,True,
218,load 42776480,1213,3.7135893145394,1.2205977808511708,0.0,0.0,,1.0,True,
219,load 42781105,1801,0.7074544166127872,0.23252902187920868,0.0,0.0,,1.0,True,
220,load 42793588,1765,5.080607253339192,1.669914848829034,0.0,0.0,,1.0,True,
221,load 42782893,655,1.8346085752736188,0.6030066779172785,0.0,0.0,,1.0,True,
222,load 42779173,1111,1.3029806297880915,0.4282690223672905,0.0,0.0,,1.0,True,
223,load 42766495,523,2.8005391168711133,0.9204926936471858,0.0,0.0,,1.0,True,
224,load 42787880,1065,5.379028458976611,1.768001155770367,0.0,0.0,,1.0,True,
225,load 42770492,1749,1.0512484589511264,0.3455286590510099,0.0,0.0,,1.0,True,
226,load 42782142,1531,3.607400588974179,1.185695234608682,0.0,0.0,,1.0,True,
227,load 42738066,1550,1.2949032621655285,0.42561412001806764,0.0,0.0,,1.0,True,
228,load 42776201,1594,6.917483424719569,2.2736668495435697,0.0,0.0,,1.0,True,
229,load 42749197,1303,4.592066249915487,1.5093391862755303,0.0,0.0,,1.0,True,
230,load 42782966,1384,3.7742696846838837,1.2405424540140324,0.0,0.0,,1.0,True,
231,load 42762633,1583,6.964376997910147,2.2890800216863543,0.0,0.0,,1.0,True,
232,load 42769631,1004,3.7500522401513043,1.232582564928123,0.0,0.0,,1.0,True,
233,load 42762739,1380,1.0922247441604134,0.35899691268857825,0.0,0.0,,1.0,True,
234,load 42793374,1002,0.6660330052961779,0.2189144623653633,0.0,0.0,,1.0,True,
235,load 42784876,1496,3.1685867434171073,1.04146409844166,0.0,0.0,,1.0,True,
236,load 42784210,880,2.83530166096401,0.9319185893461002,0.0,0.0,,1.0,True,
237,load 42793910,1414,5.0852099557251496,1.6714276839441673,0.0,0.0,,1.0,True,
238,load 42788694,583,2.9024137793768015,0.9539772759332664,0.0,0.0,,1.0,True,
239,load 42765005,506,0.8878184778490915,0.2918118219530891,0.0,0.0,,1.0,True,
240,load 42793868,808,6.735089171411405,2.213716757605209,0.0,0.0,,1.0,True,
241,load 42786863,854,5.413187196410408,1.7792285898178342,0.0,0.0,,1.0,True,
242,load 42783436,1131,2.4195181341758683,0.795257152895628,0.0,0.0,,1.0,True,
243,load 42766781,930,6.405739298793422,2.1054646894329943,0.0,0.0,,1.0,True,
244,load 42779978,861,6.979708291442204,2.294119174182173,0.0,0.0,,1.0,True,
245,load 42769097,1494,1.8945271373949883,0.622700956891745,0.0,0.0,,1.0,True,
246,load 42772406,1537,0.7070621356130158,0.23240008534982012,0.0,0.0,,1.0,True,
247,load 42776742,746,6.030826159584851,1.982236699752427,0.0,0.0,,1.0,True,
248,load 42770215,1051,1.8988711633660287,0.6241287691809101,0.0,0.0,,1.0,True,
249,load 42770604,679,6.608687810450157,2.1721706393842704,0.0,0.0,,1.0,True,
250,load 42785339,1684,1.75387341311642,0.5764703133871693,0.0,0.0,,1.0,True,
251,load 42767368,1361,0.6589956223459321,0.21660138644756077,0.0,0.0,,1.0,True,
252,load 42767759,1516,1.0305844004297375,0.3387367114665435,0.0,0.0,,1.0,True,
253,load 42788753,664,0.6624350598605168,0.21773187488936063,0.0,0.0,,1.0,True,
254,load 42785220,843,0.6297618383324246,0.20699270630808891,0.0,0.0,,1.0,True,
255,load 42764852,1644,0.9238519272257425,0.3036554440179614,0.0,0.0,,1.0,True,
256,load 42762877,1490,4.01052974620821,1.318197380925659,0.0,0.0,,1.0,True,
257,load 42792403,995,6.515624300810137,2.141582142993436,0.0,0.0,,1.0,True,
258,load 42788357,1723,3.8672767265101586,1.271112390332035,0.0,0.0,,1.0,True,
259,load 42779885,1432,5.170547808560758,1.6994768797413249,0.0,0.0,,1.0,True,
260,load 42729791,586,2.459292937595573,0.8083304985662988,0.0,0.0,,1.0,True,
261,load 42789700,891,8.533080908174824,2.8046880627222834,0.0,0.0,,1.0,True,
262,load 42772587,1731,0.025595710357809828,0.008412903155374083,0.0,0.0,,1.0,True,
263,load 42790485,1078,6.672793519609607,2.1932411670362013,0.0,0.0,,1.0,True,
264,load 42781803,527,4.703989010290189,1.5461264186184371,0.0,0.0,,1.0,True,
265,load 42791430,1124,1.6310431091130988,0.5360979448269899,0.0,0.0,,1.0,True,
266,load 42770999,798,2.583878698467061,0.8492798578963716,0.0,0.0,,1.0,True,
267,load 42787286,1374,2.559438823192254,0.8412468593609886,0.0,0.0,,1.0,True,
268,load 42781116,1112,5.6415491981540535,1.8542875500177984,0.0,0.0,,1.0,True,
269,load 42778230,1426,3.53442452402039,1.1617091619998714,0.0,0.0,,1.0,True,
270,load 42789690,904,4.17796537670897,1.3732308113118599,0.0,0.0,,1.0,True,
271,load 42776004,1008,1.9988927010296766,0.6570042587865002,0.0,0.0,,1.0,True,
272,load 42768701,1017,4.333696400617178,1.4244171235537175,0.0,0.0,,1.0,True,
273,load 42775097,578,1.6783747686808503,0.5516551089986468,0.0,0.0,,1.0,True,
274,load 173092844,725,6.234243555808054,2.0490967646078646,0.0,0.0,,1.0,True,
275,load 42779853,1286,2.0921598197432303,0.6876596782434755,0.0,0.0,,1.0,True,
276,load 42786810,1115,3.219553539562308,1.0582160742264788,0.0,0.0,,1.0,True,
277,load 42725702,1047,1.029578478830057,0.33840608102567243,0.0,0.0,,1.0,True,
278,load 42763947,1425,3.702737375772524,1.217030921068124,0.0,0.0,,1.0,True,
279,load 42783263,1788,7.325720305487825,2.407847823399894,0.0,0.0,,1.0,True,
280,load 42773687,1759,5.443849713625811,1.7893068718513105,0.0,0.0,,1.0,True,
281,load 42759255,1172,2.5921917711849236,0.8520122327639292,0.0,0.0,,1.0,True,
282,load 42764177,1364,0.8374337032079043,0.27525114738551176,0.0,0.0,,1.0,True,
283,load 42717213,530,6.380697077759425,2.097233709420744,0.0,0.0,,1.0,True,
284,load 42765749,1431,6.015499473193742,1.977199061550608,0.0,0.0,,1.0,True,
285,load 42729041,683,2.485122382099164,0.8168202264202287,0.0,0.0,,1.0,True,
286,load 42783811,1152,4.378531832362241,1.4391538173171516,0.0,0.0,,1.0,True,
287,load 42788037,1706,6.700972530833533,2.202503160125162,0.0,0.0,,1.0,True,
288,load 42793708,513,7.352770688944863,2.416738854481216,0.0,0.0,,1.0,True,
289,load 42790132,712,2.488937907728253,0.8180743290474128,0.0,0.0,,1.0,True,
290,load 42780239,1597,4.095796700621049,1.3462232735381696,0.0,0.0,,1.0,True,
291,load 42720555,1269,3.410816192896473,1.1210810682917542,0.0,0.0,,1.0,True,
292,load 42862574,1448,2.4630614318782387,0.8095691427374684,0.0,0.0,,1.0,True,
293,load 42773123,846,4.277630861403408,1.405989271965869,0.0,0.0,,1.0,True,
294,load 42777123,1023,3.236157066825565,1.0636733897278154,0.0,0.0,,1.0,True,
295,load 42781655,1779,4.376505788872228,1.438487889025583,0.0,0.0,,1.0,True,
296,load 42767823,625,8.15012629376409,2.678816967960575,0.0,0.0,,1.0,True,
297,load 42769825,902,2.890333779495831,0.9500067719818289,0.0,0.0,,1.0,True,
298,load 42764081,906,2.3506289829547575,0.7726143838699858,0.0,0.0,,1.0,True,
299,load 42787119,1713,4.365956468354777,1.4350204950510597,0.0,0.0,,1.0,True,
300,load 42787030,876,1.28540078795378,0.4224908077847939,0.0,0.0,,1.0,True,
301,load 42778749,939,5.712086080294373,1.8774719020061963,0.0,0.0,,1.0,True,
302,load 42793792,690,3.334403670484825,1.0959654867384219,0.0,0.0,,1.0,True,
303,load 42797007,873,4.15594238949892,1.3659922054673588,0.0,0.0,,1.0,True,
304,load 42784625,697,1.0599723013474986,0.3483960473827829,0.0,0.0,,1.0,True,
305,load 42773689,620,3.907506735550135,1.284335354854677,0.0,0.0,,1.0,True,
306,load 42789901,1342,1.9346284987192117,0.6358816369550516,0.0,0.0,,1.0,True,
307,load 42785994,587,6.569168469537262,2.159181260179057,0.0,0.0,,1.0,True,
308,load 42784779,1640,0.2906240729164833,0.095523513349991,0.0,0.0,,1.0,True,
309,load 42772185,1058,2.019131509164186,0.6636564333280781,0.0,0.0,,1.0,True,
310,load 42769673,1775,5.601738589853764,1.8412024358519914,0.0,0.0,,1.0,True,
311,load 42787405,685,2.358395772052134,0.7751672039945698,0.0,0.0,,1.0,True,
312,load 42788175,913,20.890498301974098,6.866374741124917,0.0,0.0,,1.0,True,
313,load 42784735,665,7.9781807853046685,2.622301212373065,0.0,0.0,,1.0,True,
314,load 42775765,1075,9.032680643260301,2.968898554596451,0.0,0.0,,1.0,True,
315,load 42787310,899,7.260008689747009,2.386249459780267,0.0,0.0,,1.0,True,
316,load 42780705,1793,27.07033542082978,8.897588974687121,0.0,0.0,,1.0,True,
317,load 42772656,1586,11.654275548638692,3.8305751302122135,0.0,0.0,,1.0,True,
318,load 42762511,699,27.057131059014758,8.893248910839493,0.0,0.0,,1.0,True,
319,load 42767899,1740,17.818105458767082,5.856528048697476,0.0,0.0,,1.0,True,
320,load 42774391,1471,27.973925896769,9.194584801719348,0.0,0.0,,1.0,True,
321,load 42864151,916,21.818165004848222,7.171284041263326,0.0,0.0,,1.0,True,
322,load 42754631,1257,19.08355304292781,6.2724605555481,0.0,0.0,,1.0,True,
323,load 42788353,763,30.31376118298899,9.963651469036495,0.0,0.0,,1.0,True,
324,load 42778620,1328,12.829663968202231,4.216906621134053,0.0,0.0,,1.0,True,
325,load 42780334,1653,19.809578512704114,6.511093587418587,0.0,0.0,,1.0,True,
326,load 42770440,997,27.76970538961768,9.127460767067141,0.0,0.0,,1.0,True,
327,load 42774613,963,5.750677865464826,1.8901564083822013,0.0,0.0,,1.0,True,
328,load 42769747,1436,17.14517124299888,5.635345268143465,0.0,0.0,,1.0,True,
329,load 42790089,811,27.21047392219872,8.943650272610677,0.0,0.0,,1.0,True,
330,load 42784649,1660,10.105598311212056,3.3215495382177656,0.0,0.0,,1.0,True,
331,load 42787214,556,29.514734665866428,9.70102415324188,0.0,0.0,,1.0,True,
332,load 42780405,1769,19.69563247737257,6.473641336756959,0.0,0.0,,1.0,True,
333,load 42784743,1797,26.112416482027808,8.58273624545311,0.0,0.0,,1.0,True,
334,load 42765603,1621,26.02224659286209,8.553098836118597,0.0,0.0,,1.0,True,
335,load 42769312,1608,28.68523146444779,9.428379635740594,0.0,0.0,,1.0,True,
336,load 42793330,1287,11.732678552326627,3.8563449513227175,0.0,0.0,,1.0,True,
337,load 42788672,1741,28.223712436478884,9.276685667009614,0.0,0.0,,1.0,True,
338,load 42783661,933,34.1350062236318,11.219633975889344,0.0,0.0,,1.0,True,
339,load 42780404,1545,29.714997105953877,9.76684723416296,0.0,0.0,,1.0,True,
340,load 42763914,1659,12.329516632470911,4.052516141631612,0.0,0.0,,1.0,True,
341,load 42787797,1513,30.08799577259898,9.889445967142116,0.0,0.0,,1.0,True,
342,load 42770528,1591,25.138000262745187,8.26246112234643,0.0,0.0,,1.0,True,
343,load 42761097,1186,13.475373203777702,4.4291409834349045,0.0,0.0,,1.0,True,
344,load 42781025,514,16.754497615053506,5.506937056325259,0.0,0.0,,1.0,True,
345,load 42776800,1481,33.061767307387825,10.86687740306056,0.0,0.0,,1.0,True,
346,load 42768416,1223,25.277729147137748,8.308387785680639,0.0,0.0,,1.0,True,
347,load 42788658,1587,29.453667963158907,9.680952498706237,0.0,0.0,,1.0,True,
348,load 42791672,643,31.42548484090894,10.329057364746085,0.0,0.0,,1.0,True,
349,load 42781431,765,25.744163307176787,8.461697280197926,0.0,0.0,,1.0,True,
350,load 42778548,605,34.14639832092036,11.223378377192747,0.0,0.0,,1.0,True,
351,load 42763031,773,35.71803220371101,11.739949453626572,0.0,0.0,,1.0,True,
352,load 42772046,1629,30.08982308206753,9.890046574719669,0.0,0.0,,1.0,True,
353,load 42775458,1717,9.303199045184158,3.0578136534672096,0.0,0.0,,1.0,True,
354,load 42779431,1493,27.26037518301084,8.960052023868007,0.0,0.0,,1.0,True,
355,load 42784991,1225,14.97526803461445,4.922132573770884,0.0,0.0,,1.0,True,
356,load 42786738,1474,9.662967314091688,3.1760637650048293,0.0,0.0,,1.0,True,
357,load 42774286,1726,10.988100430806584,3.6116139577151434,0.0,0.0,,1.0,True,
358,load 42793164,961,32.01193487795662,10.521814170405214,0.0,0.0,,1.0,True,
359,load 42791066,1669,18.063072350874055,5.937044772428104,0.0,0.0,,1.0,True,
360,load 42763745,1680,15.198142285452489,4.9953877974749945,0.0,0.0,,1.0,True,
361,load 42774185,1141,15.884281770813764,5.220910940248851,0.0,0.0,,1.0,True,
362,load 42767384,1675,31.806792199576996,10.454387032728011,0.0,0.0,,1.0,True,
363,load 42741724,1208,30.32535623795284,9.967462579301786,0.0,0.0,,1.0,True,
364,load 42776801,1716,38.63547340396983,12.698866003945591,0.0,0.0,,1.0,True,
365,load 42750773,554,12.909242355069953,4.243062772013248,0.0,0.0,,1.0,True,
366,load 42781087,1329,19.6683866035425,6.464686051097307,0.0,0.0,,1.0,True,
367,load 42768828,1639,21.965955387405447,7.219860390908188,0.0,0.0,,1.0,True,
368,load 42819954,691,39.692596342479064,13.04632551105355,0.0,0.0,,1.0,True,
369,load 42826201,703,17.89374221102807,5.881388646933013,0.0,0.0,,1.0,True,
370,load 42785770,714,14.243455387613915,4.681597388732937,0.0,0.0,,1.0,True,
371,load 42791464,775,36.309206253036514,11.934258967034092,0.0,0.0,,1.0,True,
372,load 42819955,972,9.293859746959509,3.0547439745872422,0.0,0.0,,1.0,True,
373,load 42785115,666,22.353311364208277,7.347178143529312,0.0,0.0,,1.0,True,
374,load 42790707,566,7.396630399902408,2.4311548443307003,0.0,0.0,,1.0,True,
375,load 42787200,936,19.21898370470382,6.316974461427729,0.0,0.0,,1.0,True,
376,load 42776904,1167,9.219297736387036,3.030236626861892,0.0,0.0,,1.0,True,
377,load 42768460,727,22.455963166598814,7.380918159343042,0.0,0.0,,1.0,True,
378,load 42718174,516,18.649843589070944,6.129907151799542,0.0,0.0,,1.0,True,
379,load 42719113,544,14.888497439411355,4.8936124583307175,0.0,0.0,,1.0,True,
380,load 42773421,1258,16.87593729628807,5.546852349285048,0.0,0.0,,1.0,True,
381,load 42784354,498,24.82404762637647,8.159269880993033,0.0,0.0,,1.0,True,
382,load 42716042,1616,7.099770721512928,2.3335817865755684,0.0,0.0,,1.0,True,
383,load 42790406,1619,24.75640910120059,8.13703817286998,0.0,0.0,,1.0,True,
384,load 42789380,984,26.408745410162755,8.680134854035757,0.0,0.0,,1.0,True,
385,load 42774597,500,7.7718563535867355,2.554485651157319,0.0,0.0,,1.0,True,
386,load 42784974,654,17.132566827489143,5.631202397110345,0.0,0.0,,1.0,True,
387,load 42822842,1254,38.108915810540694,12.525794892524202,0.0,0.0,,1.0,True,
388,load 42758525,1055,20.159516011617008,6.6261124811173016,0.0,0.0,,1.0,True,
389,load 42770529,504,15.951843860696137,5.243117525305853,0.0,0.0,,1.0,True,
390,load 42721720,1345,21.01605830674518,6.907644318939355,0.0,0.0,,1.0,True,
391,load 42761551,555,3.9337571039126225,1.2929634336905167,0.0,0.0,,1.0,True,
392,load 42762942,1553,25.127998392785592,8.259173666668646,0.0,0.0,,1.0,True,
393,load 42785005,700,32.93882503302975,10.826468231624524,0.0,0.0,,1.0,True,
394,load 42777658,533,18.289588611933954,6.011497067003039,0.0,0.0,,1.0,True,
395,load 42758556,1599,27.32819503538743,8.982343331359768,0.0,0.0,,1.0,True,
396,load 42769392,1602,40.22906353330036,13.222653749626467,0.0,0.0,,1.0,True,
397,load 42781958,1415,28.62195955934576,9.407583166229172,0.0,0.0,,1.0,True,
398,load 42787973,782,22.28753632370119,7.325558933197135,0.0,0.0,,1.0,True,
399,load 42793813,1216,10.211822202637958,3.356463642919705,0.0,0.0,,1.0,True,
400,load 42786429,1694,43.131683183069455,14.176698691885408,0.0,0.0,,1.0,True,
401,load 42765604,1548,26.74351169042995,8.790167209309434,0.0,0.0,,1.0,True,
402,load 42777009,857,42.06026299451327,13.824539905939247,0.0,0.0,,1.0,True,
403,load 42766346,1256,30.39592037599397,9.990655889871555,0.0,0.0,,1.0,True,
404,load 42773268,1777,36.544899132741534,12.011727470296966,0.0,0.0,,1.0,True,
405,load 42783265,662,15.883330446095044,5.220598254934944,0.0,0.0,,1.0,True,
406,load 42772657,502,26.92067211091676,8.848397023590254,0.0,0.0,,1.0,True,
407,load 42758557,510,21.163347048183663,6.956055787121984,0.0,0.0,,1.0,True,
408,load 42770349,661,38.420313092926996,12.628146229640471,0.0,0.0,,1.0,True,
409,load 42793800,1442,28.213757279966057,9.27341356529928,0.0,0.0,,1.0,True,
410,load 42763775,1682,12.978913834672992,4.265962679943061,0.0,0.0,,1.0,True,
411,load 42765295,542,20.309407656840293,6.675379482401305,0.0,0.0,,1.0,True,
412,load 42779070,1343,62.17223368248666,20.435024994899308,0.0,0.0,,1.0,True,
413,load 42773178,1712,58.581313101442454,19.254746476950427,0.0,0.0,,1.0,True,
414,load 42767760,622,25.53717332114371,8.39366296185766,0.0,0.0,,1.0,True,
415,load 42771661,1236,24.0552921345895,7.906592170073696,0.0,0.0,,1.0,True,
416,load 42776040,1302,14.647657400018238,4.814452165491548,0.0,0.0,,1.0,True,
417,load 42764607,1332,43.94045178869641,14.442528077322658,0.0,0.0,,1.0,True,
418,load 42786967,1785,41.030014743518485,13.485913681448938,0.0,0.0,,1.0,True,
419,load 42762808,1390,27.182253150103282,8.934374553387034,0.0,0.0,,1.0,True,
420,load 42788576,1355,60.041822858793836,19.734792819650465,0.0,0.0,,1.0,True,
421,load 42790023,1012,8.793115766660977,2.8901573874991167,0.0,0.0,,1.0,True,
422,load 42763081,762,5.647323573525432,1.8561854954197068,0.0,0.0,,1.0,True,
423,load 42785172,1577,53.254784807949825,17.504001291093903,0.0,0.0,,1.0,True,
424,load 42768854,669,40.596256228968684,13.343344152230424,0.0,0.0,,1.0,True,
425,load 42787879,633,17.569033194755352,5.774661954475908,0.0,0.0,,1.0,True,
426,load 42782067,1477,11.340867600000935,3.727562919058269,0.0,0.0,,1.0,True,
427,load 42772366,1652,57.35470322700052,18.851579307965924,0.0,0.0,,1.0,True,
428,load 42785348,1445,15.380459640236209,5.055312614090659,0.0,0.0,,1.0,True,
429,load 42763588,1086,59.885004982213474,19.683249276210603,0.0,0.0,,1.0,True,
430,load 42770948,539,48.18794536687921,15.838611703320641,0.0,0.0,,1.0,True,
431,load 42788575,802,30.919158493956747,10.162635942469622,0.0,0.0,,1.0,True,
432,load 42768431,996,5.194410892065344,1.7073202959898381,0.0,0.0,,1.0,True,
433,load 42762547,1210,37.529315730750845,12.335289558936877,0.0,0.0,,1.0,True,
434,load 42776782,730,47.71634199254238,15.683603170227407,0.0,0.0,,1.0,True,
435,load 42716455,624,39.229389384567384,12.894076746579726,0.0,0.0,,1.0,True,
436,load 42715190,637,16.683191693799348,5.483499933403882,0.0,0.0,,1.0,True,
437,load 42776434,912,61.71244336909156,20.28389922717113,0.0,0.0,,1.0,True,
438,load 78874605,741,48.823230712246314,16.047419898595873,0.0,0.0,,1.0,True,
439,load 164684514,987,34.93839837633532,11.483696206708425,0.0,0.0,,1.0,True,
440,load 42754812,742,43.41217387251254,14.26889152315601,0.0,0.0,,1.0,True,
441,load 42781432,1326,57.49674160178301,18.898265064082366,0.0,0.0,,1.0,True,
442,load 42747956,1197,54.72376632410988,17.986832166257262,0.0,0.0,,1.0,True,
443,load 42782565,524,42.28875811677559,13.899642620737774,0.0,0.0,,1.0,True,
444,load 84774124,705,45.52183634718978,14.962304045874726,0.0,0.0,,1.0,True,
445,load 42773609,634,61.90667559425267,20.34774027229511,0.0,0.0,,1.0,True,
446,load 42774239,865,18.911873591604163,6.216032248712188,0.0,0.0,,1.0,True,
447,load 42771930,1192,8.930297294899676,2.935246775355323,0.0,0.0,,1.0,True,
448,load 42764477,1296,56.25730451763292,18.490881795152994,0.0,0.0,,1.0,True,
449,load 84774254,783,21.26943751363113,6.990926036825592,0.0,0.0,,1.0,True,
450,load 42774787,545,15.21629706643521,5.001354985417018,0.0,0.0,,1.0,True,
451,load 42787379,1762,5.507652294215031,1.8102777659603806,0.0,0.0,,1.0,True,
452,load 42793458,493,17.002529112340188,5.588461067067105,0.0,0.0,,1.0,True,
453,load 42792471,1460,33.25064105334138,10.928957201241085,0.0,0.0,,1.0,True,
454,load 42788476,1375,70.75638073230617,23.25649768669301,0.0,0.0,,1.0,True,
455,load 42791652,641,37.76742233976736,12.413551416658642,0.0,0.0,,1.0,True,
456,load 42765259,1556,24.784700345586412,8.146337055215332,0.0,0.0,,1.0,True,
457,load 42779377,813,5.351245686235395,1.7588693999725329,0.0,0.0,,1.0,True,
458,load 42780117,1358,21.54964971626331,7.08302733390795,0.0,0.0,,1.0,True,
459,load 42791585,1010,45.913916077544954,15.091174421205285,0.0,0.0,,1.0,True,
460,load 42792442,722,47.32350428140329,15.55448365866114,0.0,0.0,,1.0,True,
461,load 42739031,1260,49.79155608163873,16.36569305615661,0.0,0.0,,1.0,True,
