,bus,element,et,type,closed,name
0,2503,2502,b,,True,42571222
1,3018,1922,b,,True,42533575
2,3019,1922,b,,True,42533570
3,2512,1922,b,,True,93849829
4,3020,2503,b,,True,42571224
5,3023,2503,b,,True,42571223
6,3021,1922,b,,True,42533571
7,3024,2503,b,,True,42571225
8,1922,2507,b,,True,93849824
9,3026,1922,b,,True,42533572
10,3027,1922,b,,True,42533569
11,3028,2503,b,,True,42571226
12,3025,1922,b,,True,42533574
13,3030,1922,b,,True,42533573
14,3033,2503,b,,True,42571227
15,283,204,b,,True,42575388
16,332,113,b,,True,42549833
17,458,485,b,,True,42613833
18,122,189,b,,True,42535653
19,394,158,b,,True,42575208
20,302,256,b,,True,184842391
21,317,114,b,,True,184842365
22,128,337,b,,True,42586314
23,2524,2514,b,,True,175588245
24,264,122,b,,True,42575387
25,3034,2515,b,,True,42601687
26,481,378,b,,True,84817586
27,482,253,b,,True,42575207
28,423,387,b,,True,42601682
29,477,457,b,,True,42575212
30,438,190,b,,True,42574808
31,430,426,b,,True,42594772
32,190,337,b,,True,42586315
33,352,181,b,,True,42601684
34,379,448,b,,True,42525188
35,448,286,b,,True,42539933
36,130,351,b,,True,42586320
37,1934,2517,b,,True,42599167
38,2059,2515,b,,True,42601693
39,239,352,b,,True,42601683
40,191,379,b,,True,42592364
41,2515,2518,b,,True,42602773
42,426,307,b,,True,42594773
43,1933,2519,b,,True,42599169
44,366,249,b,,True,184842557
45,95,348,b,,True,42591700
46,104,367,b,,True,42552421
47,365,352,b,,True,42601685
48,253,122,b,,True,42575205
49,3036,2517,b,,True,42574803
50,344,256,b,,True,184842567
51,2040,2520,b,,True,175588292
52,245,157,b,,True,148912771
53,367,412,b,,True,42574300
54,459,256,b,,True,184842562
55,412,357,b,,True,42542282
56,414,485,b,,True,42613836
57,3037,2425,b,,True,214551798
58,294,147,b,,True,184842534
59,94,256,b,,True,184842579
60,191,393,b,,True,42599595
61,373,137,b,,True,42614708
62,316,122,b,,True,42540882
63,148,455,b,,True,137007533
64,2409,2521,b,,True,148913110
65,257,477,b,,True,42594770
66,286,366,b,,True,192652467
67,309,256,b,,True,42548492
68,172,412,b,,True,42591701
69,157,215,b,,True,148912722
70,153,377,b,,True,137007538
71,1905,2522,b,,True,42574810
72,350,337,b,,True,42590691
73,2489,2523,b,,True,42613838
74,424,213,b,,True,42601681
75,309,119,b,,True,42546414
76,2523,2516,b,,True,42613837
77,3035,2424,b,,True,214551748
78,426,257,b,,True,42594771
79,262,106,b,,True,42551422
80,123,485,b,,True,42613832
81,195,337,b,,True,42586317
82,2041,2514,b,,True,175588323
83,122,304,b,,True,42539717
84,126,412,b,,True,42546243
85,249,256,b,,True,184842373
86,158,122,b,,True,42575206
87,203,396,b,,True,42555327
88,485,150,b,,True,42613834
89,397,126,b,,True,42551867
90,441,245,b,,True,148912776
91,409,91,b,,True,42549005
92,328,208,b,,True,42551852
93,265,464,b,,True,42545835
94,224,164,b,,True,42535613
95,2273,2525,b,,True,42600408
96,419,91,b,,True,42542701
97,206,435,b,,True,42550832
98,2272,2526,b,,True,42600407
99,160,260,b,,True,42544910
100,207,224,b,,True,42541586
101,473,80,b,,True,88874091
102,2440,2527,b,,True,42570744
103,140,320,b,,True,42590692
104,462,466,b,,True,42544241
105,2535,2525,b,,True,42600409
106,69,234,b,,True,42550075
107,87,243,b,,True,88874072
108,2530,2256,b,,True,42609996
109,303,436,b,,True,42552225
110,184,182,b,,True,42552150
111,2062,2529,b,,True,42566171
112,436,233,b,,True,42540687
113,369,75,b,,True,42550980
114,162,133,b,,True,42541612
115,473,274,b,,True,88874068
116,112,179,b,,True,42554995
117,241,133,b,,True,42597244
118,260,124,b,,True,42540372
119,375,446,b,,True,42601440
120,2526,2531,b,,True,42605233
121,408,91,b,,True,42552301
122,446,260,b,,True,42544529
123,327,462,b,,True,42544739
124,278,290,b,,True,88873909
125,473,210,b,,True,88873899
126,208,224,b,,True,42552716
127,465,462,b,,True,42544644
128,3039,2527,b,,True,42569747
129,362,312,b,,True,42562794
130,2106,2532,b,,True,42584797
131,3040,2527,b,,True,42570746
132,276,371,b,,True,42552488
133,299,240,b,,True,42550906
134,306,259,b,,True,42584782
135,320,265,b,,True,42540315
136,451,462,b,,True,42543923
137,2532,2533,b,,True,42584799
138,2534,2528,b,,True,90147855
139,3038,1821,b,,True,42601526
140,231,242,b,,True,42605111
141,407,425,b,,True,42553589
142,449,265,b,,True,42544420
143,2463,2534,b,,True,88874180
144,434,198,b,,True,42550868
145,473,311,b,,True,88874060
146,435,436,b,,True,42540541
147,374,91,b,,True,42536002
148,185,224,b,,True,42546085
149,133,342,b,,True,42536072
150,353,409,b,,True,42546923
151,83,271,b,,True,42584783
152,312,133,b,,True,42543910
153,3041,2536,b,,True,42556667
154,2536,2537,b,,True,42556744
155,3046,2536,b,,True,42556743
156,3047,2538,b,,True,42559882
157,2273,2539,b,,True,42529026
158,3050,2538,b,,True,42559879
159,2536,2540,b,,True,42556745
160,3051,2538,b,,True,42559884
161,3044,2273,b,,True,42529028
162,3052,2538,b,,True,42559883
163,3053,2273,b,,True,42529027
164,3048,2273,b,,True,42528948
165,2536,2541,b,,True,42562462
166,2538,2542,b,,True,42572810
167,3042,2273,b,,True,42529029
168,3054,2538,b,,True,42559880
169,3043,2273,b,,True,42528947
170,3055,2273,b,,True,42564632
171,3056,2273,b,,True,42528949
172,2536,2543,b,,True,42556746
173,3057,2538,b,,True,42559881
174,3058,2273,b,,True,42529025
175,2536,2544,b,,True,42556668
176,3045,2538,b,,True,42572896
177,3059,2545,b,,True,42582223
178,3060,2546,b,,True,42581335
179,3061,2547,b,,True,42563200
180,2415,2548,b,,True,42532795
181,3062,2549,b,,True,42581360
182,3063,2415,b,,True,42576787
183,3067,2550,b,,True,42581985
184,3068,2545,b,,True,42582225
185,2415,2551,b,,True,42532790
186,3069,2550,b,,True,42582070
187,3070,2550,b,,True,42581980
188,3072,2547,b,,True,42563201
189,3073,2546,b,,True,42582935
190,2549,2553,b,,True,42581361
191,2415,2555,b,,True,42532791
192,2415,2556,b,,True,42532721
193,2547,2557,b,,True,42563196
194,3074,2550,b,,True,42582071
195,2550,2559,b,,True,42581981
196,2567,2560,b,,True,42560256
197,3078,2549,b,,True,42581776
198,3066,2546,b,,True,42581336
199,3080,2547,b,,True,42563198
200,2567,2563,b,,True,42560562
201,3082,2549,b,,True,42581688
202,3084,2547,b,,True,42563197
203,2567,2564,b,,True,42560257
204,2545,2565,b,,True,42582226
205,3085,2549,b,,True,42581358
206,3086,2549,b,,True,42581687
207,3087,2567,b,,True,42560252
208,2415,2568,b,,True,42532788
209,3088,2546,b,,True,42581337
210,3089,2549,b,,True,42581357
211,3071,2547,b,,True,42563199
212,3090,2546,b,,True,42582936
213,2550,2569,b,,True,42582836
214,3091,2545,b,,True,42582228
215,2567,2571,b,,True,42560563
216,3092,2546,b,,True,42581332
217,3093,2549,b,,True,42581362
218,3095,2567,b,,True,42560254
219,3076,2545,b,,True,42582227
220,3096,2549,b,,True,42581359
221,2415,2573,b,,True,42532792
222,3097,2415,b,,True,42532722
223,2550,2574,b,,True,42582072
224,3081,2550,b,,True,42581982
225,2567,2576,b,,True,42560253
226,3098,2415,b,,True,42562274
227,2415,2577,b,,True,42532789
228,2546,2578,b,,True,42581334
229,3065,2545,b,,True,42582229
230,3077,2546,b,,True,42581333
231,2415,2579,b,,True,42532794
232,2550,2580,b,,True,42581984
233,2567,2581,b,,True,42560255
234,3083,2545,b,,True,42582224
235,2415,2582,b,,True,42532793
236,3099,2550,b,,True,42582073
237,3075,2550,b,,True,42581983
238,2059,2584,b,,True,42617695
239,2059,2585,b,,True,42602772
240,2059,2586,b,,True,42617696
241,2059,2587,b,,True,42617697
242,2059,2588,b,,True,42602771
243,2059,2589,b,,True,42617694
244,3100,2590,b,,True,170190930
245,2590,2591,b,,True,170190970
246,2463,2592,b,,True,88874184
247,2463,2593,b,,True,88874231
248,2606,2590,b,,True,170190936
249,2608,2590,b,,True,170190956
250,2590,2594,b,,True,170190946
251,2590,2595,b,,True,170190951
252,2463,2596,b,,True,88874192
253,2590,2597,b,,True,170190941
254,2590,2598,b,,True,170190961
255,2463,2599,b,,True,88874188
256,2463,2600,b,,True,88874235
257,2463,2601,b,,True,88874243
258,2463,2602,b,,True,88874196
259,2463,2603,b,,True,88874216
260,2463,2604,b,,True,88874259
261,2463,2605,b,,True,88874239
262,2463,2607,b,,True,88874247
263,3101,2480,b,,True,42570237
264,3102,2480,b,,True,42570227
265,2612,2609,b,,True,183020218
266,3103,2480,b,,True,42534773
267,2612,2610,b,,True,183020148
268,3104,2480,b,,True,42570239
269,2611,2612,b,,True,183020184
270,2612,2613,b,,True,183020191
271,3106,2480,b,,True,42534770
272,2618,2614,b,,True,42611436
273,3110,2615,b,,True,42562036
274,3111,2480,b,,True,42535101
275,3112,2480,b,,True,42534771
276,2618,2616,b,,True,42611438
277,2612,2617,b,,True,183020271
278,3107,2618,b,,True,42611437
279,2612,2619,b,,True,183020230
280,3109,2615,b,,True,42562037
281,3113,2618,b,,True,42611439
282,3114,2615,b,,True,42582008
283,2612,2620,b,,True,183020199
284,2618,2621,b,,True,42611434
285,2612,2623,b,,True,183020246
286,2615,2622,b,,True,42562034
287,3115,2480,b,,True,42534772
288,2612,2624,b,,True,183020209
289,3116,2618,b,,True,42611435
290,3117,2480,b,,True,42534769
291,2612,2625,b,,True,183020259
292,3118,2480,b,,True,42570238
293,3108,2480,b,,True,42570228
294,2612,2626,b,,True,183020142
295,2615,2627,b,,True,42562035
296,3120,2041,b,,True,175588690
297,3121,2041,b,,True,175588673
298,2041,2628,b,,True,175588370
299,3122,2041,b,,True,175588775
300,3123,2041,b,,True,175588761
301,3124,2041,b,,True,175588632
302,3125,2041,b,,True,175588752
303,2041,2629,b,,True,175588619
304,2409,2630,b,,True,148914540
305,2635,2632,b,,True,148913122
306,2632,2409,b,,True,148913115
307,2635,2634,b,,True,148914504
308,2635,2631,b,,True,148914498
309,3126,2635,b,,True,148914493
310,3127,2635,b,,True,148914442
311,2409,2633,b,,True,148914515
312,2409,2636,b,,True,148914535
313,2409,2637,b,,True,148914525
314,2409,2638,b,,True,148914545
315,3128,2635,b,,True,148913127
316,3129,2635,b,,True,148914453
317,2409,2639,b,,True,148914510
318,2409,2640,b,,True,148914530
319,2409,2641,b,,True,148914520
320,2409,2642,b,,True,148914550
321,3131,2643,b,,True,42578528
322,3133,2106,b,,True,42584795
323,3134,2106,b,,True,42584785
324,3135,2643,b,,True,42578527
325,3136,2106,b,,True,42584790
326,3130,2643,b,,True,42578522
327,3137,2106,b,,True,42585070
328,3139,2643,b,,True,42578529
329,3141,2643,b,,True,42578524
330,3142,2106,b,,True,42584791
331,3143,2643,b,,True,42578523
332,3144,2106,b,,True,42585071
333,3147,2643,b,,True,42578525
334,3148,2106,b,,True,42584796
335,3149,2106,b,,True,42584786
336,3150,2643,b,,True,42578530
337,3140,2106,b,,True,42585066
338,3138,2106,b,,True,42584788
339,3151,2106,b,,True,42530502
340,3152,2106,b,,True,42585068
341,3153,2106,b,,True,42584787
342,3146,2106,b,,True,42585067
343,3154,2106,b,,True,42584792
344,3145,2106,b,,True,42585072
345,3155,2106,b,,True,42584789
346,3156,2106,b,,True,42585069
347,3157,2106,b,,True,42584794
348,3132,2106,b,,True,42584784
349,2643,2645,b,,True,42578526
350,3158,2106,b,,True,42584793
351,2361,2646,b,,True,42583690
352,3159,2361,b,,True,42571864
353,3160,2361,b,,True,42583691
354,2361,2647,b,,True,42571675
355,2361,2648,b,,True,42571863
356,2361,2650,b,,True,42585338
357,3161,2361,b,,True,42583689
358,2361,2651,b,,True,42585337
359,2361,2652,b,,True,42585339
360,3162,2256,b,,True,42545855
361,3163,2653,b,,True,42618473
362,3164,2256,b,,True,42545860
363,3165,2653,b,,True,42618475
364,3168,2256,b,,True,42545516
365,3169,2653,b,,True,42618471
366,3170,2256,b,,True,42545517
367,3167,2256,b,,True,42545856
368,3171,2256,b,,True,42545858
369,2653,2654,b,,True,42618476
370,3172,2256,b,,True,42545514
371,3166,2256,b,,True,42545857
372,2653,2655,b,,True,42619128
373,3173,2256,b,,True,42545859
374,3175,2256,b,,True,42545515
375,2655,2256,b,,True,42619127
376,3176,2256,b,,True,42545854
377,2653,2656,b,,True,42618472
378,2653,2657,b,,True,42618474
379,3178,1934,b,,True,42599136
380,3179,1934,b,,True,42599166
381,3181,1934,b,,True,42599168
382,3182,1934,b,,True,42599132
383,3183,1934,b,,True,42599134
384,3185,1934,b,,True,42599133
385,3184,1934,b,,True,42599135
386,3186,1934,b,,True,42599130
387,3187,1934,b,,True,42599131
388,432,460,b,,True,42551942
389,143,472,b,,True,42594616
390,3188,2416,b,,True,42576788
391,212,175,b,,True,42616889
392,173,284,b,,True,42584869
393,297,209,b,,True,42595717
394,1922,2658,b,,True,42569690
395,269,472,b,,True,42594617
396,330,383,b,,True,42573942
397,468,410,b,,True,42595722
398,291,149,b,,True,42600092
399,3188,2659,b,,True,42576789
400,398,461,b,,True,42594612
401,166,404,b,,True,42553780
402,117,293,b,,True,42550245
403,138,178,b,,True,42595719
404,380,205,b,,True,42576784
405,187,134,b,,True,42595714
406,429,226,b,,True,42599752
407,121,386,b,,True,42540886
408,144,252,b,,True,42584960
409,331,144,b,,True,42584870
410,250,118,b,,True,42594614
411,73,98,b,,True,42573943
412,200,386,b,,True,42544246
413,134,252,b,,True,42595713
414,232,468,b,,True,42595723
415,236,291,b,,True,42600093
416,250,398,b,,True,42594613
417,415,279,b,,True,42608247
418,141,428,b,,True,42536930
419,3189,2415,b,,True,42576785
420,281,461,b,,True,42548488
421,209,187,b,,True,42595715
422,149,429,b,,True,42599753
423,103,428,b,,True,42542052
424,428,324,b,,True,42537241
425,461,349,b,,True,42542302
426,472,118,b,,True,42594615
427,138,474,b,,True,42595720
428,452,149,b,,True,42600090
429,404,205,b,,True,42549278
430,382,392,b,,True,42585498
431,178,347,b,,True,42569698
432,386,146,b,,True,42544444
433,329,469,b,,True,42553666
434,205,174,b,,True,42544024
435,277,354,b,,True,42585218
436,163,347,b,,True,42543425
437,183,103,b,,True,42550158
438,468,474,b,,True,42595721
439,279,199,b,,True,42569692
440,287,386,b,,True,42541355
441,116,149,b,,True,42600091
442,333,196,b,,True,42551047
443,84,355,b,,True,42585898
444,376,84,b,,True,42551589
445,347,431,b,,True,42584858
446,277,356,b,,True,42584868
447,380,226,b,,True,42599751
448,79,413,b,,True,42617807
449,2658,2660,b,,True,42569694
450,144,238,b,,True,42584867
451,209,385,b,,True,42595716
452,188,205,b,,True,42536938
453,2658,2661,b,,True,42569693
454,2416,2662,b,,True,42536899
455,3098,2416,b,,True,42564126
456,2416,2663,b,,True,42576790
457,2416,2664,b,,True,42536898
458,3190,2665,b,,True,42559906
459,3191,2666,b,,True,42613893
460,3194,2062,b,,True,42533253
461,2707,2668,b,,True,42578286
462,2062,2669,b,,True,42614185
463,2691,2670,b,,True,42614180
464,3200,2666,b,,True,42613895
465,3202,2062,b,,True,42566170
466,2687,2671,b,,True,42563611
467,2702,2672,b,,True,42614020
468,3204,2665,b,,True,42559907
469,2666,2674,b,,True,42613890
470,2700,2675,b,,True,42565771
471,3206,2062,b,,True,42533250
472,3207,2676,b,,True,42595312
473,2062,2677,b,,True,42614611
474,2707,2678,b,,True,42578282
475,2062,2679,b,,True,42614181
476,2691,2682,b,,True,42608816
477,3049,2665,b,,True,42559984
478,3208,2666,b,,True,42613891
479,2062,2683,b,,True,42614271
480,3197,2676,b,,True,42595314
481,3209,2062,b,,True,42533251
482,2707,2684,b,,True,42578284
483,2676,2685,b,,True,42595313
484,2665,2686,b,,True,42559670
485,3210,2687,b,,True,42563537
486,2707,2688,b,,True,42578283
487,3201,2689,b,,True,42568596
488,3211,2062,b,,True,42614186
489,3214,2691,b,,True,42608817
490,3193,2665,b,,True,42559985
491,3216,2665,b,,True,42559905
492,2687,2695,b,,True,42563612
493,2702,2697,b,,True,42613268
494,2691,2698,b,,True,42608812
495,3218,2689,b,,True,42568598
496,2707,2699,b,,True,42578285
497,3199,2700,b,,True,42565772
498,3219,2665,b,,True,42559671
499,3203,2702,b,,True,42613267
500,3212,2689,b,,True,42568597
501,2666,2705,b,,True,42613888
502,3221,2707,b,,True,42578200
503,3222,2062,b,,True,42533248
504,2687,2708,b,,True,42563614
505,2679,2709,b,,True,42608814
506,3213,2062,b,,True,42614612
507,3215,2062,b,,True,42614182
508,3223,2700,b,,True,42565774
509,2687,2710,b,,True,42563613
510,2679,2691,b,,True,42608813
511,3224,2689,b,,True,42568599
512,2666,2713,b,,True,42613892
513,3220,2062,b,,True,42614272
514,3227,2700,b,,True,42565773
515,3228,2062,b,,True,42533252
516,3229,2062,b,,True,42614614
517,3195,2666,b,,True,42613889
518,3225,2062,b,,True,42614184
519,3230,2062,b,,True,42533249
520,2676,2717,b,,True,42593616
521,2679,2718,b,,True,42608815
522,2062,2719,b,,True,42614613
523,2062,2720,b,,True,42614183
524,2666,2722,b,,True,42613894
525,3205,2700,b,,True,42565775
526,3226,2062,b,,True,42533254
527,254,82,b,,True,42539184
528,2156,2725,b,,True,160236080
529,186,258,b,,True,42586313
530,308,272,b,,True,42551435
531,2462,2726,b,,True,42590297
532,484,411,b,,True,42545021
533,405,135,b,,True,42554403
534,145,310,b,,True,42581511
535,2734,2728,b,,True,42577062
536,3232,2729,b,,True,42570234
537,102,315,b,,True,42557183
538,131,336,b,,True,42542196
539,2480,2729,b,,True,42570233
540,82,88,b,,True,172219475
541,2725,2730,b,,True,160236075
542,169,263,b,,True,160233868
543,389,443,b,,True,42543548
544,372,440,b,,True,160221772
545,2222,2732,b,,True,214660052
546,2360,2733,b,,True,42590929
547,340,389,b,,True,42540522
548,85,219,b,,True,42541067
549,229,258,b,,True,42591954
550,3233,2729,b,,True,42570235
551,217,480,b,,True,42599072
552,2361,2735,b,,True,42571985
553,108,217,b,,True,42541072
554,3234,2735,b,,True,42577974
555,437,220,b,,True,172219464
556,411,319,b,,True,42581508
557,2732,2736,b,,True,214660043
558,268,89,b,,True,42581507
559,2728,1887,b,,True,42576833
560,161,389,b,,True,42540847
561,216,111,b,,True,42552361
562,2359,2737,b,,True,42572920
563,2064,2738,b,,True,42600040
564,82,96,b,,True,172219457
565,2733,2739,b,,True,42578720
566,217,201,b,,True,42549007
567,2727,2733,b,,True,42590930
568,152,151,b,,True,42581509
569,3235,2737,b,,True,42567187
570,285,340,b,,True,42551708
571,358,275,b,,True,172219470
572,266,85,b,,True,214659763
573,225,411,b,,True,42571861
574,400,82,b,,True,42541530
575,370,85,b,,True,42545103
576,3231,2738,b,,True,42600041
577,3236,2737,b,,True,42578721
578,237,447,b,,True,42571458
579,86,90,b,,True,42547929
580,221,244,b,,True,42570226
581,156,336,b,,True,42536168
582,222,314,b,,True,160221786
583,2735,2731,b,,True,42571986
584,411,90,b,,True,42536512
585,341,400,b,,True,42552177
586,360,151,b,,True,42585704
587,422,411,b,,True,42581595
588,72,154,b,,True,214659822
589,363,336,b,,True,42536838
590,411,442,b,,True,42581510
591,177,105,b,,True,42550359
592,3237,2010,b,,True,42529101
593,2741,2740,b,,True,42597956
594,3242,2010,b,,True,42528786
595,3241,2010,b,,True,42529096
596,3243,2741,b,,True,42598112
597,3239,2010,b,,True,42529098
598,3244,2741,b,,True,42598199
599,3245,2010,b,,True,42528787
600,3240,2010,b,,True,42529097
601,3238,2010,b,,True,42529092
602,2741,2742,b,,True,42597954
603,2741,2743,b,,True,42598113
604,3247,2010,b,,True,42529099
605,3248,2010,b,,True,42529094
606,3249,2010,b,,True,42529093
607,3246,2741,b,,True,42597955
608,3250,2741,b,,True,42598110
609,3251,2010,b,,True,42529095
610,3252,2010,b,,True,42529100
611,2741,2744,b,,True,42598111
612,3253,2745,b,,True,42572647
613,3254,2440,b,,True,42569889
614,3255,2440,b,,True,42570719
615,3253,2746,b,,True,42572652
616,3256,2440,b,,True,42569884
617,3253,2747,b,,True,42572649
618,2440,2748,b,,True,42569883
619,2440,2749,b,,True,42573194
620,2440,2750,b,,True,42578617
621,3253,2751,b,,True,42572654
622,3253,2752,b,,True,42572653
623,3257,2440,b,,True,42569885
624,3259,2440,b,,True,42569880
625,3253,2753,b,,True,42572645
626,2440,2754,b,,True,42578533
627,3253,2755,b,,True,42572650
628,2440,2756,b,,True,42569881
629,3253,2757,b,,True,42572651
630,3258,2440,b,,True,42569886
631,3253,2758,b,,True,42572646
632,3260,2440,b,,True,42569888
633,3217,2440,b,,True,42570718
634,3261,2440,b,,True,42569887
635,3253,2759,b,,True,42572648
636,3262,2440,b,,True,42569882
637,125,399,b,,True,42573007
638,92,323,b,,True,42552262
639,368,322,b,,True,42550113
640,339,251,b,,True,42544960
641,194,214,b,,True,42600298
642,129,467,b,,True,42573009
643,444,97,b,,True,42549521
644,136,101,b,,True,42567260
645,450,433,b,,True,42601479
646,139,471,b,,True,42536253
647,1845,2760,b,,True,42573303
648,390,170,b,,True,42586310
649,176,305,b,,True,42600299
650,471,478,b,,True,42540668
651,456,339,b,,True,42537240
652,194,305,b,,True,42525147
653,401,343,b,,True,42540602
654,129,418,b,,True,42573010
655,202,339,b,,True,42590833
656,170,197,b,,True,42586311
657,214,471,b,,True,42545462
658,171,476,b,,True,42591955
659,1948,2761,b,,True,42593300
660,463,456,b,,True,42551116
661,301,176,b,,True,42600300
662,313,418,b,,True,42573011
663,433,343,b,,True,42545523
664,170,195,b,,True,42586316
665,417,416,b,,True,42549808
666,227,176,b,,True,42600301
667,391,165,b,,True,42573006
668,3263,2325,b,,True,42599711
669,155,476,b,,True,42586312
670,345,129,b,,True,42573008
671,261,273,b,,True,42549715
672,395,159,b,,True,42586309
673,479,81,b,,True,42556288
674,343,270,b,,True,42601478
675,3264,2156,b,,True,160236085
676,2156,2763,b,,True,160236320
677,3265,2156,b,,True,160236096
678,3266,2156,b,,True,160236270
679,3267,2156,b,,True,160236091
680,3268,2156,b,,True,160236311
681,2156,2764,b,,True,160236287
682,3269,2156,b,,True,160236351
683,2156,2762,b,,True,160236276
684,2156,2765,b,,True,160236282
685,3270,2156,b,,True,160236107
686,3271,2156,b,,True,160236112
687,2156,2766,b,,True,160236263
688,1905,2767,b,,True,42538559
689,3272,2768,b,,True,42595046
690,2774,2769,b,,True,42588794
691,3275,2770,b,,True,42610350
692,3276,2770,b,,True,42610360
693,3277,1905,b,,True,42538554
694,3279,2769,b,,True,42588793
695,3281,2769,b,,True,42588713
696,3282,2769,b,,True,42588802
697,3283,1905,b,,True,42538553
698,2768,2771,b,,True,42595048
699,3284,1905,b,,True,42538563
700,3274,2768,b,,True,42595047
701,3286,2769,b,,True,42588795
702,3287,2770,b,,True,42610351
703,3288,2769,b,,True,42588804
704,3289,1905,b,,True,42538555
705,3290,2768,b,,True,42595042
706,3291,2769,b,,True,42588803
707,3292,1905,b,,True,42538560
708,3293,1905,b,,True,42579634
709,3278,2768,b,,True,42595044
710,3295,2770,b,,True,42610356
711,3296,2769,b,,True,42588805
712,3297,2768,b,,True,42595043
713,3285,2769,b,,True,42588800
714,3294,1905,b,,True,42538561
715,3300,1905,b,,True,42579635
716,3301,2770,b,,True,42610358
717,3302,2768,b,,True,42595045
718,3305,2770,b,,True,42610357
719,2769,2772,b,,True,42588796
720,3306,2770,b,,True,42610352
721,3303,2769,b,,True,42588801
722,3299,1905,b,,True,42538556
723,2770,2773,b,,True,42610359
724,3280,2770,b,,True,42610349
725,3308,2769,b,,True,42588798
726,3309,2770,b,,True,42610354
727,3304,1905,b,,True,42538558
728,3310,2769,b,,True,42588797
729,3311,2770,b,,True,42610353
730,3312,1905,b,,True,42538557
731,3313,1905,b,,True,42538562
732,3298,2769,b,,True,42588799
733,2770,2776,b,,True,42610355
734,1845,2777,b,,True,42573317
735,1845,2778,b,,True,42573307
736,3314,2779,b,,True,42573297
737,3315,2779,b,,True,42564833
738,1845,2780,b,,True,42573312
739,3316,2779,b,,True,42573302
740,3317,2781,b,,True,42568405
741,1845,2783,b,,True,42573404
742,1845,2784,b,,True,42573319
743,1845,2785,b,,True,42573309
744,3319,2779,b,,True,42573299
745,1845,2786,b,,True,42573314
746,1845,2787,b,,True,42573304
747,2779,2788,b,,True,42564830
748,1845,2789,b,,True,42573313
749,1845,2790,b,,True,42573405
750,2781,2791,b,,True,42568401
751,1845,2792,b,,True,42573315
752,1845,2793,b,,True,42573305
753,3322,2779,b,,True,42573640
754,3323,2779,b,,True,42564831
755,1845,2794,b,,True,42573310
756,2779,2782,b,,True,42573300
757,3321,2781,b,,True,42568486
758,3318,2779,b,,True,42563288
759,1845,2795,b,,True,42573311
760,3327,2779,b,,True,42573301
761,3326,2781,b,,True,42568487
762,3329,2779,b,,True,42564828
763,3320,2781,b,,True,42568402
764,1845,2797,b,,True,42573316
765,1845,2798,b,,True,42573306
766,3331,2779,b,,True,42564832
767,2781,2799,b,,True,42568404
768,3324,2779,b,,True,42564829
769,1845,2800,b,,True,42573308
770,3325,2779,b,,True,42573298
771,3328,2781,b,,True,42568403
772,3307,1948,b,,True,42534553
773,3336,2801,b,,True,42593298
774,3335,1948,b,,True,42534555
775,3332,2801,b,,True,42593297
776,3341,2802,b,,True,42570244
777,3340,1948,b,,True,42534410
778,3334,2801,b,,True,42593292
779,3342,1948,b,,True,42604068
780,3333,2801,b,,True,42593299
781,3345,1948,b,,True,42604067
782,3346,2801,b,,True,42593294
783,3341,2803,b,,True,42570245
784,3339,1948,b,,True,42534411
785,3348,2801,b,,True,42593293
786,3343,1948,b,,True,42604069
787,3344,2801,b,,True,42593295
788,3350,1948,b,,True,42534556
789,3353,2801,b,,True,42593290
790,3354,1948,b,,True,42534558
791,3347,1948,b,,True,42604070
792,3337,1948,b,,True,42534557
793,3338,1948,b,,True,42561869
794,3352,2801,b,,True,42593291
795,3355,1948,b,,True,42534552
796,3341,2804,b,,True,42570246
797,3349,1948,b,,True,42534412
798,3356,1948,b,,True,42604071
799,3341,2805,b,,True,42570328
800,3351,1948,b,,True,42534554
801,2801,2806,b,,True,42593296
802,3357,2544,b,,True,42564185
803,3359,2272,b,,True,42545501
804,3357,2807,b,,True,42564225
805,2272,2809,b,,True,42545506
806,3362,2272,b,,True,42545416
807,2272,2810,b,,True,42607287
808,3365,2272,b,,True,42545418
809,3364,2272,b,,True,42545417
810,3366,2272,b,,True,42545502
811,3357,2811,b,,True,42564226
812,3368,2272,b,,True,42545419
813,3055,2272,b,,True,42559885
814,3358,2272,b,,True,42545504
815,3361,2272,b,,True,42545503
816,3357,2812,b,,True,42564227
817,3360,2272,b,,True,42545505
818,3363,2272,b,,True,42545500
819,3367,2272,b,,True,42545420
820,3357,2813,b,,True,42564224
821,3371,2359,b,,True,42583705
822,2828,2814,b,,True,42568143
823,3372,2359,b,,True,42583695
824,3370,2815,b,,True,42571159
825,3373,2359,b,,True,42583700
826,3377,2816,b,,True,214601415
827,3377,2817,b,,True,42582245
828,3377,2818,b,,True,214601425
829,3379,2359,b,,True,42586545
830,2828,2819,b,,True,42568145
831,3377,2820,b,,True,42582250
832,2828,2821,b,,True,42582240
833,3377,2822,b,,True,214601420
834,3377,2823,b,,True,214601430
835,3376,2359,b,,True,42583701
836,3381,2824,b,,True,42582711
837,2815,2825,b,,True,42571155
838,3180,2824,b,,True,42571075
839,3383,2826,b,,True,42565536
840,3384,2359,b,,True,42572605
841,2828,2827,b,,True,42582241
842,3374,2359,b,,True,42583706
843,3378,2359,b,,True,42583696
844,3386,2828,b,,True,42569046
845,3377,2829,b,,True,42582246
846,3388,2359,b,,True,42586546
847,3391,2359,b,,True,42583698
848,3393,2359,b,,True,42583707
849,3375,2359,b,,True,42583697
850,3392,2826,b,,True,42565459
851,3377,2830,b,,True,42582248
852,3394,2359,b,,True,42583702
853,3160,2359,b,,True,42583692
854,2826,2831,b,,True,42565534
855,2815,2832,b,,True,42571156
856,3387,2824,b,,True,42571076
857,3377,2833,b,,True,42582247
858,3380,2359,b,,True,42586547
859,3389,2359,b,,True,42583699
860,2826,2834,b,,True,42565533
861,2828,2835,b,,True,42582242
862,3395,2359,b,,True,42583704
863,2828,2836,b,,True,42568142
864,3385,2359,b,,True,42583694
865,2815,2837,b,,True,42571158
866,2824,2825,b,,True,42571078
867,3377,2838,b,,True,42582249
868,3382,2359,b,,True,42583703
869,3396,2359,b,,True,42583693
870,3390,2826,b,,True,42565535
871,2815,2839,b,,True,42582713
872,2815,2840,b,,True,42571157
873,2824,2841,b,,True,42571077
874,3397,2359,b,,True,42586544
875,2828,2842,b,,True,42568144
876,2360,2843,b,,True,42590928
877,3398,2844,b,,True,42586445
878,3384,2360,b,,True,42572604
879,2360,2845,b,,True,42586550
880,2360,2846,b,,True,42590927
881,2844,2847,b,,True,42586446
882,2360,2848,b,,True,42586548
883,2844,2849,b,,True,42586108
884,2360,2850,b,,True,42586549
885,2844,2851,b,,True,42586109
886,3399,2852,b,,True,42605901
887,3400,2064,b,,True,42536784
888,3401,2064,b,,True,42536877
889,3402,2064,b,,True,42536783
890,3403,2064,b,,True,42536872
891,3405,2853,b,,True,42571374
892,3406,2854,b,,True,42556674
893,2064,2855,b,,True,42601042
894,2852,2856,b,,True,42605896
895,3407,2853,b,,True,42571373
896,3408,2064,b,,True,42536785
897,3409,2064,b,,True,42536874
898,2854,2857,b,,True,42556673
899,3410,2064,b,,True,42536873
900,2852,2858,b,,True,42605898
901,3412,2853,b,,True,42571375
902,3404,2854,b,,True,42556675
903,3411,2852,b,,True,42605897
904,3413,2064,b,,True,42536875
905,3414,2852,b,,True,42605899
906,3273,2064,b,,True,42536786
907,3415,2853,b,,True,42571376
908,2853,2859,b,,True,42571296
909,2852,2860,b,,True,42605900
910,2064,2861,b,,True,42536787
911,3416,2064,b,,True,42536876
912,3417,2064,b,,True,42536782
913,2853,2862,b,,True,42571377
914,3418,2863,b,,True,42570439
915,3419,1821,b,,True,42534344
916,2869,2864,b,,True,42573429
917,3424,1821,b,,True,42534343
918,2867,2865,b,,True,42563651
919,3425,2866,b,,True,42578298
920,3426,2867,b,,True,42618480
921,3429,1821,b,,True,42534345
922,2863,2868,b,,True,42570435
923,3430,2869,b,,True,42573515
924,3428,1821,b,,True,42534350
925,3431,2866,b,,True,42578302
926,3432,2863,b,,True,42570440
927,3433,2866,b,,True,42578299
928,2869,2870,b,,True,42573430
929,3434,2867,b,,True,42618481
930,3422,1821,b,,True,42534351
931,3438,2866,b,,True,42578303
932,3420,2863,b,,True,42570441
933,2869,2871,b,,True,42573431
934,3439,2867,b,,True,42563652
935,3441,2867,b,,True,42563649
936,3442,1821,b,,True,42534346
937,3192,2866,b,,True,42578300
938,3427,1821,b,,True,42533582
939,3443,2863,b,,True,42570436
940,3435,2867,b,,True,42563654
941,2869,2872,b,,True,42573426
942,3444,2867,b,,True,42563653
943,2869,2873,b,,True,42573656
944,3436,1821,b,,True,42534348
945,3434,2863,b,,True,42618482
946,3423,2863,b,,True,42570438
947,3421,1821,b,,True,42534347
948,2866,2874,b,,True,42578301
949,2869,2875,b,,True,42573428
950,3446,1821,b,,True,42533583
951,3447,2863,b,,True,42570437
952,3445,1821,b,,True,42534352
953,2869,2876,b,,True,42573427
954,3437,2867,b,,True,42563650
955,2869,2877,b,,True,42573657
956,3448,1821,b,,True,42534349
957,3449,2878,b,,True,42559936
958,2325,2879,b,,True,42538878
959,2325,2880,b,,True,42538877
960,2325,2881,b,,True,42538872
961,3330,2878,b,,True,42559937
962,3452,2883,b,,True,42572932
963,2325,2884,b,,True,42538879
964,2878,2885,b,,True,42559862
965,3450,2325,b,,True,42538874
966,2325,2886,b,,True,42601044
967,2883,2887,b,,True,42572934
968,2325,2888,b,,True,42538873
969,3451,2878,b,,True,42559934
970,3453,2883,b,,True,42572933
971,2325,2889,b,,True,42538875
972,2325,2890,b,,True,42538880
973,3454,2883,b,,True,42572935
974,2325,2891,b,,True,42538870
975,3455,2878,b,,True,42559935
976,2325,2892,b,,True,42538881
977,2325,2893,b,,True,42538871
978,3456,2883,b,,True,42572931
979,3196,2878,b,,True,42559861
980,3457,2325,b,,True,42538876
981,3458,2883,b,,True,42572936
982,2901,2894,b,,True,42578288
983,2903,2895,b,,True,42564865
984,2901,2896,b,,True,42578287
985,2040,2897,b,,True,175588565
986,2903,2898,b,,True,42620127
987,2040,2899,b,,True,175588481
988,2901,2900,b,,True,42578292
989,3461,2901,b,,True,42578289
990,2040,2644,b,,True,175588496
991,2040,2628,b,,True,175588328
992,2040,2775,b,,True,175588606
993,3002,2040,b,,True,175588516
994,2040,2902,b,,True,175588488
995,3463,2903,b,,True,42564866
996,2901,2904,b,,True,42578290
997,2040,2905,b,,True,175588508
998,3460,2903,b,,True,42564868
999,3462,2903,b,,True,42565164
1000,3459,2903,b,,True,42564867
1001,3464,2903,b,,True,42565163
1002,2901,2906,b,,True,42578291
1003,2040,2907,b,,True,175588614
1004,3465,2489,b,,True,42614273
1005,3466,2489,b,,True,42613843
1006,2489,2908,b,,True,42614275
1007,3467,2489,b,,True,42613845
1008,3469,2489,b,,True,42613850
1009,3470,2489,b,,True,42613840
1010,3472,2489,b,,True,42613841
1011,3475,2489,b,,True,42614276
1012,3476,2489,b,,True,42613846
1013,3477,2489,b,,True,42613007
1014,3474,2489,b,,True,42613848
1015,3478,2489,b,,True,42613847
1016,2489,2909,b,,True,42613842
1017,2489,2910,b,,True,42613839
1018,3473,2489,b,,True,42613849
1019,3468,2489,b,,True,42614274
1020,3471,2489,b,,True,42613844
1021,3479,2911,b,,True,42600538
1022,1887,2912,b,,True,42591976
1023,3481,2911,b,,True,42600628
1024,3482,2911,b,,True,42600537
1025,1887,2913,b,,True,42593572
1026,3485,2914,b,,True,42577472
1027,3486,2911,b,,True,42600627
1028,1887,2915,b,,True,42591978
1029,3487,1887,b,,True,42607286
1030,3490,2916,b,,True,42569150
1031,2911,2917,b,,True,42600539
1032,1887,2918,b,,True,42591977
1033,2923,2919,b,,True,42576132
1034,3492,2911,b,,True,42600629
1035,3493,2914,b,,True,42577474
1036,3494,2911,b,,True,42600534
1037,3495,2914,b,,True,42577473
1038,3488,1887,b,,True,42591979
1039,3496,2911,b,,True,42600533
1040,2923,2920,b,,True,42576134
1041,3490,2921,b,,True,42569151
1042,3498,2922,b,,True,42560276
1043,3489,2923,b,,True,42576133
1044,3500,2924,b,,True,42561148
1045,2914,2925,b,,True,42577475
1046,3501,2911,b,,True,42600535
1047,3502,2922,b,,True,42560148
1048,3503,2911,b,,True,42600540
1049,2924,2926,b,,True,42600630
1050,3483,2924,b,,True,42561709
1051,1887,2927,b,,True,42591975
1052,3504,2922,b,,True,42560277
1053,2923,2928,b,,True,42576130
1054,3505,1887,b,,True,42599859
1055,3119,2924,b,,True,42561149
1056,3499,1887,b,,True,42591980
1057,2922,2929,b,,True,42560149
1058,3497,2914,b,,True,42577471
1059,2923,2930,b,,True,160348690
1060,2923,2931,b,,True,42576131
1061,3490,2932,b,,True,42569152
1062,3480,1887,b,,True,42591981
1063,3490,2933,b,,True,42569149
1064,3491,2911,b,,True,42600536
1065,3490,2934,b,,True,42620121
1066,3484,2922,b,,True,42559568
1067,3506,2922,b,,True,42560150
1068,3490,2935,b,,True,42569153
1069,2953,2936,b,,True,201827627
1070,2953,2937,b,,True,201827567
1071,3507,2939,b,,True,214664628
1072,3507,2940,b,,True,214664638
1073,2953,2941,b,,True,201827562
1074,3507,2943,b,,True,214664648
1075,2953,2942,b,,True,201827572
1076,2962,2222,b,,True,214664658
1077,2953,2944,b,,True,201827538
1078,3507,2947,b,,True,214664532
1079,3507,2948,b,,True,214664622
1080,2953,2949,b,,True,201827533
1081,3507,2950,b,,True,214660078
1082,2222,2946,b,,True,214664693
1083,2222,2951,b,,True,214664672
1084,3507,2952,b,,True,214664523
1085,2970,2953,b,,True,201827469
1086,2953,2955,b,,True,201827495
1087,3507,2956,b,,True,214664633
1088,3507,2957,b,,True,214664643
1089,2938,2953,b,,True,201827464
1090,3507,2958,b,,True,214664653
1091,2953,2954,b,,True,201827634
1092,2953,2959,b,,True,201827474
1093,2222,2649,b,,True,214664663
1094,2222,2960,b,,True,214664705
1095,2222,2961,b,,True,214664836
1096,3507,2962,b,,True,214664540
1097,2953,2964,b,,True,201827581
1098,3508,2953,b,,True,201827441
1099,2222,2969,b,,True,214664849
1100,2222,2967,b,,True,214664859
1101,2222,2945,b,,True,214664869
1102,2222,2963,b,,True,214664698
1103,3509,2953,b,,True,201827427
1104,3507,2965,b,,True,214664616
1105,2222,2968,b,,True,214664854
1106,2222,2966,b,,True,214664864
1107,2222,2971,b,,True,214664687
1108,3510,2953,b,,True,201827457
1109,2424,2972,b,,True,214551753
1110,2424,2973,b,,True,214551763
1111,2424,2974,b,,True,214551773
1112,2424,2976,b,,True,214551788
1113,2424,2975,b,,True,214551758
1114,2424,2979,b,,True,214551768
1115,2424,2978,b,,True,214551778
1116,2972,2977,b,,True,214591074
1117,2424,2980,b,,True,214551783
1118,2462,2982,b,,True,173096234
1119,2993,2983,b,,True,42565030
1120,2462,2985,b,,True,173096141
1121,2462,2986,b,,True,173096257
1122,2462,2988,b,,True,173096070
1123,2462,2989,b,,True,173096223
1124,2462,2990,b,,True,173096266
1125,2462,2991,b,,True,173096153
1126,3029,2993,b,,True,42565028
1127,2462,2994,b,,True,173096059
1128,2462,2995,b,,True,173096132
1129,3512,2993,b,,True,42565029
1130,3511,2993,b,,True,42565104
1131,2462,2997,b,,True,173096228
1132,2462,2998,b,,True,173096368
1133,2462,2999,b,,True,173096158
1134,2462,2996,b,,True,173096125
1135,2462,2984,b,,True,173096245
1136,2462,2992,b,,True,173096084
1137,2462,2987,b,,True,173096075
1138,3513,3000,b,,True,42598291
1139,3004,3001,b,,True,42574407
1140,3517,1933,b,,True,42599126
1141,3004,3003,b,,True,42601037
1142,3518,3004,b,,True,42574409
1143,3520,3000,b,,True,42598296
1144,3006,3005,b,,True,42572259
1145,3521,3004,b,,True,42574404
1146,3522,3004,b,,True,42575209
1147,3523,3004,b,,True,42599078
1148,3524,3004,b,,True,42574403
1149,3516,3000,b,,True,42598298
1150,3525,3004,b,,True,42599077
1151,3001,1933,b,,True,42599122
1152,3519,3000,b,,True,42598297
1153,3529,3004,b,,True,42574405
1154,3530,1933,b,,True,42599119
1155,3532,3000,b,,True,42598292
1156,3527,3006,b,,True,42598049
1157,3533,1933,b,,True,42599124
1158,3534,3006,b,,True,42572260
1159,3515,3004,b,,True,42575210
1160,3528,1933,b,,True,42599123
1161,3000,3007,b,,True,42598294
1162,3535,3006,b,,True,42598284
1163,3526,3000,b,,True,42598293
1164,3181,1933,b,,True,42599510
1165,3537,1933,b,,True,42599125
1166,3536,3006,b,,True,42572261
1167,3538,1933,b,,True,42599120
1168,3539,3000,b,,True,42598295
1169,3531,3004,b,,True,42574406
1170,3514,1933,b,,True,42599121
1171,2425,3008,b,,True,214551808
1172,2425,3009,b,,True,214551818
1173,2425,3010,b,,True,214551828
1174,2425,3011,b,,True,214551838
1175,2425,3013,b,,True,214551847
1176,2425,3014,b,,True,214551813
1177,2425,3012,b,,True,214551823
1178,2425,3015,b,,True,214551833
1179,2425,3016,b,,True,214551843
1180,3017,3013,b,,True,214591080
1181,454,453,b,,True,42525311
1182,25,52,b,,True,42549315
1183,50,35,b,,True,42548075
1184,1,36,b,,True,42550324
1185,0,35,b,,True,42545641
1186,5,36,b,,True,42550323
1187,420,93,b,,True,42604236
1188,27,8,b,,True,42574958
1189,63,30,b,,True,42546930
1190,21,26,b,,True,42525136
1191,18,36,b,,True,42550325
1192,439,120,b,,True,42595958
1193,60,3,b,,True,42525098
1194,46,38,b,,True,42525088
1195,43,49,b,,True,42550320
1196,44,35,b,,True,42543408
1197,20,25,b,,True,42525407
1198,384,445,b,,True,42595957
1199,53,30,b,,True,42546931
1200,13,7,b,,True,42549576
1201,11,47,b,,True,42525137
1202,420,74,b,,True,42547116
1203,44,34,b,,True,42543407
1204,110,384,b,,True,42604232
1205,36,4,b,,True,42551870
1206,9,45,b,,True,42525217
1207,32,10,b,,True,42525342
1208,48,52,b,,True,42549316
1209,267,359,b,,True,42525109
1210,10,35,b,,True,42548076
1211,14,7,b,,True,42549578
1212,23,15,b,,True,42525099
1213,8,36,b,,True,42550321
1214,55,43,b,,True,42525059
1215,427,420,b,,True,42604234
1216,420,334,b,,True,42543524
1217,57,7,b,,True,42549577
1218,120,420,b,,True,42604233
1219,4,7,b,,True,42551871
1220,51,64,b,,True,42525284
1221,39,35,b,,True,42548078
1222,334,110,b,,True,42543523
1223,34,17,b,,True,42549492
1224,338,110,b,,True,42550646
1225,381,71,b,,True,42525303
1226,52,29,b,,True,42549317
1227,24,14,b,,True,42525293
1228,67,7,b,,True,42549357
1229,30,59,b,,True,42546928
1230,66,5,b,,True,42525213
1231,2,35,b,,True,42548077
1232,64,7,b,,True,42549579
1233,40,49,b,,True,42550316
1234,192,420,b,,True,42604235
1235,67,34,b,,True,42548382
1236,402,110,b,,True,42550648
1237,211,110,b,,True,42547034
1238,49,42,b,,True,42535856
1239,49,16,b,,True,42548484
1240,30,6,b,,True,42546932
1241,31,49,b,,True,42550318
1242,22,19,b,,True,42525120
1243,56,54,b,,True,42525140
1244,62,28,b,,True,42525090
1245,421,110,b,,True,42550647
1246,65,52,b,,True,42549314
1247,68,30,b,,True,42546929
1248,321,280,b,,True,42525210
1249,58,2,b,,True,42525200
1250,61,41,b,,True,42525220
1251,38,49,b,,True,42550317
1252,28,52,b,,True,42549313
1253,0,52,b,,True,42545640
1254,19,7,b,,True,42549575
1255,15,36,b,,True,42550322
1256,77,110,b,,True,42550649
1257,30,42,b,,True,42535857
1258,16,34,b,,True,42548485
1259,54,49,b,,True,42550319
1260,223,361,b,,True,42525121
1261,3541,1904,b,,True,42525141
1262,761,2048,b,,True,152494218
1263,1851,861,b,,True,43970269
1264,762,2209,b,,True,43824608
